fips,county,bbox
01001,"Autauga County, AL","32.3075593,32.707878,-86.9209899,-86.4111037"
01003,"Baldwin County, AL","30.1375221,31.3032945,-88.0622654,-87.3715795"
01005,"Barbour County, AL","31.618238,32.148415,-85.7483519,-85.0488248"
01007,"Bibb County, AL","32.83152,33.247269,-87.4217529,-86.8760909"
01009,"Blount County, AL","33.765354,34.2609589,-86.9634315,-86.3030549"
01011,"Bullock County, AL","31.880236,32.308136,-85.9992749,-85.4095689"
01013,"Butler County, AL","31.525208,31.964653,-86.9086989,-86.4379729"
01015,"Calhoun County, AL","33.555988,33.96883,-86.1462533,-85.5293199"
01017,"Chambers County, AL","32.728855,33.109474,-85.5934299,-85.1306867"
01019,"Cherokee County, AL","33.941814,34.526623,-85.8436279,-85.3988655"
01021,"Chilton County, AL","32.660503,33.071629,-87.0191189,-86.3734739"
01023,"Choctaw County, AL","31.6977027,32.3096938,-88.4731354,-87.9276464"
01025,"Clarke County, AL","31.1854427,31.9912556,-88.1809031,-87.5007159"
01027,"Clay County, AL","33.090458,33.499268,-86.1740719,-85.6409229"
01029,"Cleburne County, AL","33.469357,33.964363,-85.8875119,-85.3044389"
01031,"Coffee County, AL","31.182364,31.619566,-86.1943889,-85.7887269"
01033,"Colbert County, AL","34.5594985,34.9090227,-88.140128,-87.4159056"
01035,"Conecuh County, AL","31.1811607,31.753231,-87.4270319,-86.6617719"
01037,"Coosa County, AL","32.753727,33.104855,-86.5214743,-86.0070039"
01039,"Covington County, AL","30.993258,31.5286132,-86.7025072,-86.1867449"
01041,"Crenshaw County, AL","31.440084,32.052055,-86.4994279,-86.1438669"
01043,"Cullman County, AL","33.8579234,34.314236,-87.1509089,-86.4510569"
01045,"Dale County, AL","31.195324,31.620783,-85.7913279,-85.4149859"
01047,"Dallas County, AL","32.0469696,32.729473,-87.4716143,-86.8070612"
01049,"DeKalb County, AL","34.199844,34.8623385,-86.1100309,-85.5138506"
01051,"Elmore County, AL","32.4060339,32.769295,-86.4127809,-85.8531175"
01053,"Escambia County, AL","30.994487,31.261854,-87.6161639,-86.6882859"
01055,"Etowah County, AL","33.841797,34.201103,-86.3700409,-85.7371829"
01057,"Fayette County, AL","33.519917,33.9198705,-87.9520936,-87.4231949"
01059,"Franklin County, AL","34.304764,34.5818611,-88.1736319,-87.5291209"
01061,"Geneva County, AL","30.992859,31.1985,-86.1932299,-85.4851839"
01063,"Greene County, AL","32.5176996,33.153946,-88.2072417,-87.7049789"
01065,"Hale County, AL","32.4691317,33.006935,-87.8711399,-87.4202799"
01067,"Henry County, AL","31.307615,31.774685,-85.4174579,-85.0413049"
01069,"Houston County, AL","30.9970734,31.315205,-85.7142869,-84.9983633"
01071,"Jackson County, AL","34.465919,34.991098,-86.3592299,-85.5835154"
01073,"Jefferson County, AL","33.246258,33.843407,-87.3424759,-86.5165099"
01075,"Lamar County, AL","33.5242825,34.058333,-88.2746189,-87.9461046"
01077,"Lauderdale County, AL","34.7318586,35.0081121,-88.2029689,-87.2103579"
01079,"Lawrence County, AL","34.299427,34.804977,-87.5308069,-87.1047819"
01081,"Lee County, AL","32.409977,32.746384,-85.6969379,-85.0010816"
01083,"Limestone County, AL","34.5506902,34.9990092,-87.2798773,-86.7834029"
01085,"Lowndes County, AL","31.962107,32.4068241,-86.9084002,-86.3946379"
01087,"Macon County, AL","32.233173,32.596184,-86.0233834,-85.4332119"
01089,"Madison County, AL","34.476662,34.99207,-86.789595,-86.2583009"
01091,"Marengo County, AL","31.989861,32.5476413,-88.1183036,-87.4705543"
01093,"Marion County, AL","33.914726,34.321054,-88.2072289,-87.6339719"
01095,"Marshall County, AL","34.099346,34.600098,-86.5817489,-86.0568309"
01097,"Mobile County, AL","30.1384813,31.1734642,-88.4320129,-87.924204"
01099,"Monroe County, AL","31.228712,31.831429,-87.7848372,-86.9060209"
01101,"Montgomery County, AL","31.964949,32.5017263,-86.4985303,-85.9188999"
01103,"Morgan County, AL","34.304897,34.686329,-87.1102219,-86.5493974"
01105,"Perry County, AL","32.2952614,32.87569,-87.5251539,-87.0178679"
01107,"Pickens County, AL","32.9915606,33.534008,-88.34074,-87.8362959"
01109,"Pike County, AL","31.61665,32.061825,-86.1987919,-85.6601409"
01111,"Randolph County, AL","33.106735,33.501747,-85.6532359,-85.2323779"
01113,"Russell County, AL","32.062336,32.5107503,-85.4341199,-84.8882459"
01115,"St. Clair County, AL","33.3917553,33.990044,-86.5778659,-86.0435759"
01117,"Shelby County, AL","33.0186603,33.546638,-87.0267559,-86.3410319"
01119,"Sumter County, AL","32.307445,32.9961545,-88.4214529,-87.8405641"
01121,"Talladega County, AL","33.102974,33.6994712,-86.5031903,-85.7945709"
01123,"Tallapoosa County, AL","32.4927384,33.107647,-86.0131529,-85.5927199"
01125,"Tuscaloosa County, AL","33.004238,33.610226,-87.8403469,-87.0653759"
01127,"Walker County, AL","33.513161,34.005749,-87.6361159,-86.9532169"
01129,"Washington County, AL","31.1145329,31.6993552,-88.4642876,-87.8891678"
01131,"Wilcox County, AL","31.827288,32.272476,-87.6678735,-86.8553318"
01133,"Winston County, AL","33.985142,34.307209,-87.6366039,-87.1095499"
02013,"Aleutians East Borough, AK","53.91608,56.945108,-166.2256469,-158.8908178"
02016,"Aleutians West Census Area, AK","51.175092,57.305269,-179.2310859,179.859681"
02020,"Anchorage Municipality, AK","61.0563129,61.3763129,-150.0548522,-149.7348522"
02050,"Bethel Census Area, AK","58.496019,62.295331,-173.2368299,-153.0010509"
02060,"Bristol Bay Borough, AK","58.60961,58.894948,-158.0014989,-156.3172169"
02068,"Denali Borough, AK","62.722992,64.365138,-153.0013389,-146.9720139"
02070,"Dillingham Census Area, AK","58.33414,61.00057,-161.3687279,-155.9536239"
02090,"Fairbanks North Star Borough, AK","64.257854,65.454475,-148.6671639,-143.8847949"
02100,"Haines Borough, AK","58.12273,59.7283919,-136.4957567,-134.313489"
02105,"Hoonah-Angoon Census Area, AK","56.86397,59.41062,-138.0285749,-132.3697912"
02110,"Juneau City and Borough, AK","58.1419496,58.4619496,-134.5797339,-134.2597339"
02122,"Kenai Peninsula Borough, AK","58.645009,61.428157,-154.7487679,-148.5623679"
02130,"Ketchikan Gateway Borough, AK","54.6826331,56.4060047,-132.2680569,-129.9741671"
02150,"Kodiak Island Borough, AK","55.699912,59.017887,-156.9031529,-151.6905049"
02164,"Lake and Peninsula Borough, AK","55.628871,60.908538,-159.9036518,-153.3931949"
02170,"Matanuska-Susitna Borough, AK","61.07796,63.482913,-153.0051149,-146.4252199"
02180,"Nome Census Area, AK","62.884908,66.626301,-171.9653189,-159.3793699"
02185,"North Slope Borough, AK","67.99894,71.441059,-166.9855109,-141.000602"
02188,"Northwest Arctic Borough, AK","65.435857,68.301027,-165.5555699,-154.1322789"
02195,"Petersburg Census Area, AK","64.739419,64.741256,-155.4843829,-155.4822439"
02198,"Prince of Wales-Hyder Census Area, AK","54.632045,56.389703,-134.0269779,-130.0034848"
02220,"Sitka City and Borough, AK","56.145021,58.001387,-136.4544789,-134.4365409"
02230,"Skagway Municipality, AK","59.340621,59.7980414,-135.7230904,-134.9897442"
02240,"Southeast Fairbanks Census Area, AK","61.90103,65.8395343,-147.0031849,-141.0012799"
02261,"Valdez-Cordova Census Area, AK","59.334013,63.222611,-148.9802019,-141.0015922"
02270,"Wade Hampton Census Area, AK","60.917108,63.317355,-166.2886129,-160.1866599"
02275,"Wrangell City and Borough, AK","55.636609,56.903305,-133.1693619,-130.9979239"
02282,"Yakutat City and Borough, AK","58.781314,60.527746,-143.8899519,-137.4999998"
02290,"Yukon-Koyukuk Census Area, AK","61.945454,68.507297,-161.0478209,-141.0009008"
04001,"Apache County, AZ","33.475681,36.999346,-110.0010693,-109.0451999"
04003,"Cochise County, AZ","31.3325074,32.4292221,-110.4564601,-109.0476184"
04005,"Coconino County, AZ","34.256798,37.0030461,-113.3527452,-110.7504809"
04007,"Gila County, AZ","32.986198,34.499107,-111.7209009,-110.0003129"
04009,"Graham County, AZ","32.4244651,33.652889,-110.4534149,-109.1131289"
04011,"Greenlee County, AZ","32.4267811,33.77758,-109.4951019,-109.0465638"
04012,"La Paz County, AZ","33.0254058,34.31926,-114.731474,-113.3319553"
04013,"Maricopa County, AZ","32.504536,34.04739,-113.3337549,-111.0350941"
04015,"Mohave County, AZ","34.20977,37.000753,-114.7556179,-112.5306169"
04017,"Navajo County, AZ","33.567482,37.00426,-110.7518238,-109.8266069"
04019,"Pima County, AZ","31.4254941,32.514679,-113.3339919,-110.4437029"
04021,"Pinal County, AZ","32.501888,33.4661453,-112.2037359,-110.4484249"
04023,"Santa Cruz County, AZ","31.332177,31.734966,-111.365685,-110.4482581"
04025,"Yavapai County, AZ","33.88216,35.530651,-113.3344799,-111.4611889"
04027,"Yuma County, AZ","32.0388751,33.46706,-114.8183583,-113.3285979"
05001,"Arkansas County, AR","33.937759,34.566502,-91.7117389,-91.0537799"
05003,"Ashley County, AR","33.0061812,33.395302,-92.1437247,-91.4564669"
05005,"Baxter County, AR","35.973545,36.498738,-92.5948869,-92.1545366"
05007,"Benton County, AR","36.098824,36.4996,-94.6178119,-93.8693469"
05009,"Boone County, AR","36.114414,36.4983513,-93.3009949,-92.8541775"
05011,"Bradley County, AR","33.161339,33.70639,-92.3820039,-91.9583589"
05013,"Calhoun County, AR","33.269836,33.801327,-92.7768019,-92.3096999"
05015,"Carroll County, AR","36.121082,36.499179,-93.8697739,-93.2976207"
05017,"Chicot County, AR","33.004106,33.565037,-91.4604189,-91.0436239"
05019,"Clark County, AR","33.770855,34.340649,-93.5029749,-92.8776169"
05021,"Clay County, AR","36.200615,36.4985432,-90.8043289,-90.0638908"
05023,"Cleburne County, AR","35.3580685,35.7155776,-92.2536987,-91.7886487"
05025,"Cleveland County, AR","33.702309,34.063251,-92.4753109,-91.9530559"
05027,"Columbia County, AR","33.016876,33.455238,-93.4906857,-92.9784849"
05029,"Conway County, AR","35.0714269,35.463596,-93.0408229,-92.4794689"
05031,"Craighead County, AR","35.700207,35.996419,-91.0354839,-90.2833859"
05033,"Crawford County, AR","35.347542,35.764847,-94.4931299,-93.8923427"
05035,"Crittenden County, AR","34.8333164,35.439884,-90.5054469,-90.0646119"
05037,"Cross County, AR","35.143021,35.450588,-91.0425259,-90.4997709"
05039,"Dallas County, AR","33.793228,34.155872,-92.9605099,-92.3333359"
05041,"Desha County, AR","33.515198,34.119038,-91.5560379,-90.8704609"
05043,"Drew County, AR","33.389011,33.79052,-92.0122379,-91.4504319"
05045,"Faulkner County, AR","34.8422331,35.368088,-92.5989989,-92.1116017"
05047,"Franklin County, AR","35.19976,35.7743089,-94.0820159,-93.6963729"
05049,"Fulton County, AR","36.2500998,36.4994617,-92.1593399,-91.4471789"
05051,"Garland County, AR","34.3891637,34.773533,-93.4076919,-92.7914579"
05053,"Grant County, AR","34.059162,34.495667,-92.6773529,-92.2092209"
05055,"Greene County, AR","35.96344,36.265968,-90.8543319,-90.1900528"
05057,"Hempstead County, AR","33.475815,34.008953,-93.9695969,-93.4559479"
05059,"Hot Spring County, AR","34.14994,34.505474,-93.4074479,-92.6690749"
05061,"Howard County, AR","33.74733,34.355511,-94.2591629,-93.8204879"
05063,"Independence County, AR","35.525791,35.942833,-91.8713909,-91.1973109"
05065,"Izard County, AR","35.867229,36.261875,-92.2137599,-91.6745829"
05067,"Jackson County, AR","35.354275,35.890034,-91.5852579,-91.0321039"
05069,"Jefferson County, AR","34.061237,34.492966,-92.2327499,-91.4387589"
05071,"Johnson County, AR","35.3268069,35.768559,-93.7101489,-93.1650919"
05073,"Lafayette County, AR","33.018616,33.482071,-93.8639979,-93.3644329"
05075,"Lawrence County, AR","35.88118,36.259266,-91.3602219,-90.7467039"
05077,"Lee County, AR","34.627487,34.9119672,-91.1030269,-90.4071146"
05079,"Lincoln County, AR","33.78194,34.175678,-91.9807509,-91.4194029"
05081,"Little River County, AR","33.533886,33.948204,-94.4858497,-93.8243259"
05083,"Logan County, AR","35.019875,35.4299579,-94.1435089,-93.2780331"
05085,"Lonoke County, AR","34.481808,35.075371,-92.1213839,-91.6301569"
05087,"Madison County, AR","35.7597352,36.307251,-93.9631143,-93.4460219"
05089,"Marion County, AR","39.384544,39.642265,-80.4979928,-79.9372408"
05091,"Miller County, AR","33.019139,33.613808,-94.0442576,-93.6656339"
05093,"Mississippi County, AR","35.3987525,36.000608,-90.2887998,-89.6422485"
05095,"Monroe County, AR","34.336231,35.0042635,-91.4478909,-91.0002669"
05097,"Montgomery County, AR","34.339714,34.747288,-93.9358519,-93.3936229"
05099,"Nevada County, AR","33.44067,33.959625,-93.4844209,-93.1050489"
05101,"Newton County, AR","35.724678,36.124905,-93.5262449,-92.9381259"
05103,"Ouachita County, AR","33.356533,33.822258,-93.1203379,-92.5673679"
05105,"Perry County, AR","34.7718574,35.1152316,-93.3058989,-92.5406039"
05107,"Phillips County, AR","34.117649,34.644207,-91.1201099,-90.5407359"
05109,"Pike County, AR","33.943668,34.349861,-93.9392399,-93.3672099"
05111,"Poinsett County, AR","35.438313,35.708233,-91.0390549,-90.2841569"
05113,"Polk County, AR","34.18974,34.728809,-94.4702933,-93.9307169"
05115,"Pope County, AR","35.1175657,35.728672,-93.2999569,-92.8103179"
05117,"Prairie County, AR","34.479736,35.091888,-91.8033599,-91.3440089"
05119,"Pulaski County, AR","34.489952,35.0146269,-92.7554437,-92.0297009"
05121,"Randolph County, AR","36.126396,36.4985322,-91.4113055,-90.7480389"
05123,"St. Francis County, AR","34.8671225,35.150913,-91.1525525,-90.3991849"
05125,"Saline County, AR","34.412891,34.858849,-93.0757449,-92.2446289"
05127,"Scott County, AR","34.664787,35.099823,-94.454584,-93.7051159"
05129,"Searcy County, AR","35.718189,36.115364,-92.9514159,-92.4116059"
05131,"Sebastian County, AR","34.930965,35.451122,-94.4478977,-94.0302889"
05133,"Sevier County, AR","33.750298,34.192513,-94.4773178,-93.9570389"
05135,"Sharp County, AR","35.891068,36.4976783,-91.7126539,-91.2616499"
05137,"Stone County, AR","35.7047636,36.129375,-92.4187929,-91.8363569"
05139,"Union County, AR","33.0089427,33.387333,-92.9888079,-92.0689813"
05141,"Van Buren County, AR","35.3633325,35.791286,-92.8499219,-92.2406987"
05143,"Washington County, AR","35.750313,36.238239,-94.55218,-93.8882679"
05145,"White County, AR","35.021149,35.5340705,-92.1197889,-91.3443909"
05147,"Woodruff County, AR","34.911118,35.445679,-91.4800339,-91.0399479"
05149,"Yell County, AR","34.743305,35.3175271,-93.7108379,-92.9220349"
06001,"Alameda County, CA","37.4539501,37.9066896,-122.3737487,-121.4690902"
06003,"Alpine County, CA","38.3279845,38.9334164,-120.0725835,-119.5422353"
06005,"Amador County, CA","38.2174857,38.7090956,-121.0273042,-120.0723655"
06007,"Butte County, CA","39.2957563,40.1517198,-122.0692551,-121.0765885"
06009,"Calaveras County, CA","37.8329059,38.5098748,-120.9956357,-120.0178419"
06011,"Colusa County, CA","38.9239077,39.4146319,-122.7850985,-121.7953489"
06013,"Contra Costa County, CA","37.7184794,38.1045118,-122.4415017,-121.5342718"
06015,"Del Norte County, CA","41.3808023,42.0009357,-124.4407069,-123.5178136"
06017,"El Dorado County, CA","38.5024005,39.0675101,-121.1487137,-119.8771407"
06019,"Fresno County, CA","35.9066756,37.586101,-120.9192484,-118.361279"
06021,"Glenn County, CA","39.3829788,39.8006233,-122.9382493,-121.8566453"
06023,"Humboldt County, CA","40.0013855,41.4657227,-124.4820029,-123.4057503"
06025,"Imperial County, CA","32.6184031,33.4338378,-116.1062734,-114.4627896"
06027,"Inyo County, CA","35.7865818,37.4649344,-118.7900514,-115.6480602"
06029,"Kern County, CA","34.7885387,35.7983076,-120.1941543,-117.6165918"
06031,"Kings County, CA","45.8588054,46.4901655,-62.8653997,-61.9549929"
06033,"Lake County, CA","38.6676515,39.5815189,-123.0941683,-122.3398197"
06035,"Lassen County, CA","39.7076285,41.1846248,-121.332002,-119.9956058"
06037,"Los Angeles County, CA","32.7969287,34.8232693,-118.9517193,-117.6464242"
06039,"Madera County, CA","36.7629085,37.7782353,-120.5453555,-119.0231338"
06041,"Marin County, CA","37.8138868,38.3211597,-123.0856609,-122.352458"
06043,"Mariposa County, CA","37.1830275,37.9027705,-120.3954368,-119.3091613"
06045,"Mendocino County, CA","38.758119,40.00247,-124.1348889,-122.8176735"
06047,"Merced County, CA","36.7404189,37.6335083,-121.2476183,-120.0524762"
06049,"Modoc County, CA","41.1838977,41.9977028,-121.4573352,-119.9986076"
06051,"Mono County, CA","37.4626559,38.7141993,-119.6513008,-117.8330522"
06053,"Monterey County, CA","35.7890391,36.9197626,-122.0518779,-120.2139462"
06055,"Napa County, CA","38.1548642,38.8643182,-122.6468083,-122.0613919"
06057,"Nevada County, CA","39.0052071,39.5269746,-121.2798333,-120.0031675"
06059,"Orange County, CA","33.333992,33.9475903,-118.1259059,-117.4127669"
06061,"Placer County, CA","38.7112111,39.3164742,-121.4844691,-120.0024754"
06063,"Plumas County, CA","39.5972855,40.4495391,-121.4981472,-120.09904"
06065,"Riverside County, CA","33.4259611,34.0801058,-117.67632,-114.4349243"
06067,"Sacramento County, CA","38.0182697,38.7363502,-121.8628052,-121.0270829"
06069,"San Benito County, CA","36.1967681,36.9888967,-121.6439039,-120.596659"
06071,"San Bernardino County, CA","33.8710043,35.8092552,-117.8025753,-114.1307815"
06073,"San Diego County, CA","32.5295236,33.5053899,-117.6110809,-116.0810298"
06075,"San Francisco County, CA","37.6933508,37.9298443,-123.1077878,-122.2817799"
06077,"San Joaquin County, CA","37.4819033,38.3001213,-121.5848662,-120.9170347"
06079,"San Luis Obispo County, CA","34.8975179,35.796655,-121.4381759,-119.4726199"
06081,"San Mateo County, CA","37.053858,37.708431,-122.5881769,-122.0816989"
06083,"Santa Barbara County, CA","34.326922,35.114665,-120.7343819,-119.4403801"
06085,"Santa Clara County, CA","36.8931127,37.4846335,-122.2026562,-121.2082945"
06087,"Santa Cruz County, CA","36.8196,37.2854853,-122.3175409,-121.5822936"
06089,"Shasta County, CA","40.2854246,41.185405,-123.0690572,-121.3195675"
06091,"Sierra County, CA","39.3913098,39.7768924,-121.0581589,-120.0011546"
06093,"Siskiyou County, CA","40.9921574,42.009499,-123.7192162,-121.4459737"
06095,"Solano County, CA","38.0319006,38.540307,-122.4070421,-121.593288"
06097,"Sonoma County, CA","38.0695272,38.8526549,-123.6324969,-122.3496965"
06099,"Stanislaus County, CA","37.1346558,38.0775105,-121.4850798,-120.3877797"
06101,"Sutter County, CA","38.7346401,39.3057062,-121.9480286,-121.4144713"
06103,"Tehama County, CA","39.7973976,40.4461616,-123.0660706,-121.3420272"
06105,"Trinity County, CA","39.9769628,41.3685544,-123.6237671,-122.4457965"
06107,"Tulare County, CA","35.7867015,36.7531474,-119.5733756,-117.9807868"
06109,"Tuolumne County, CA","37.6335083,38.4358565,-120.6531039,-119.1995074"
06111,"Ventura County, CA","33.9928632,34.9011755,-119.5009529,-118.6324461"
06113,"Yolo County, CA","38.3133402,38.9259921,-122.4229284,-121.5011699"
06115,"Yuba County, CA","38.9183362,39.6394125,-121.6363407,-121.0096252"
08001,"Adams County, CO","39.73613,40.0015685,-105.0531812,-103.7055358"
08003,"Alamosa County, CO","37.354908,37.751709,-106.0389478,-105.4506229"
08005,"Arapahoe County, CO","39.5632726,39.7401617,-105.0599253,-103.7059018"
08007,"Archuleta County, CO","36.992426,37.423546,-107.4795299,-106.4928359"
08009,"Baca County, CO","36.9930904,37.644282,-103.0861724,-102.0415849"
08011,"Bent County, CO","37.641697,38.265381,-103.4052509,-102.7388079"
08013,"Boulder County, CO","39.911716,40.26297,-105.6944289,-105.0501207"
08014,"Broomfield County, CO","39.8892725,40.044228,-105.1672563,-104.9611969"
08015,"Chaffee County, CO","38.420956,39.057854,-106.5998129,-105.8780899"
08017,"Cheyenne County, CO","38.61113,39.0453963,-103.1730578,-102.0452077"
08019,"Clear Creek County, CO","39.564453,39.852061,-105.9270569,-105.3945539"
08021,"Conejos County, CO","36.9930166,37.399799,-106.6759719,-105.7184592"
08023,"Costilla County, CO","36.9942298,37.656155,-105.7705229,-105.1314619"
08025,"Crowley County, CO","38.112186,38.523003,-104.0587008,-103.5003968"
08027,"Custer County, CO","37.889324,38.266018,-105.7942498,-105.0468059"
08029,"Delta County, CO","38.665684,39.218127,-108.3776018,-107.4992749"
08031,"Denver County, CO","39.6143154,39.9142087,-105.1098844,-104.5996888"
08033,"Dolores County, CO","37.4807655,37.896397,-109.0440158,-107.8615488"
08035,"Douglas County, CO","39.1295176,39.566406,-105.3290505,-104.6604291"
08037,"Eagle County, CO","39.349491,39.924889,-107.1137389,-106.1755679"
08039,"Elbert County, CO","38.8648799,39.5658976,-104.6625777,-103.7104701"
08041,"El Paso County, CO","38.5190195,39.130161,-105.070544,-104.051621"
08043,"Fremont County, CO","38.258228,38.6976093,-106.0123208,-104.9389949"
08045,"Garfield County, CO","39.365982,40.091473,-109.0514441,-107.0312729"
08047,"Gilpin County, CO","39.74498,39.936401,-105.7008529,-105.3939208"
08049,"Grand County, CO","39.68408,40.486186,-106.6520845,-105.6263299"
08051,"Gunnison County, CO","38.144493,39.257691,-107.6332629,-106.2456299"
08053,"Hinsdale County, CO","37.420906,38.146812,-107.5856628,-106.9977719"
08055,"Huerfano County, CO","37.286766,38.020191,-105.4991758,-104.3518069"
08057,"Jackson County, CO","40.323757,41.0011181,-106.8690488,-105.8515679"
08059,"Jefferson County, CO","39.1296628,39.914385,-105.3976059,-105.0452269"
08061,"Kiowa County, CO","38.264587,38.614002,-103.5088728,-102.0445678"
08063,"Kit Carson County, CO","39.037579,39.5739578,-103.1615138,-102.0465135"
08065,"Lake County, CO","39.0565172,39.383711,-106.5867429,-106.1358549"
08067,"La Plata County, CO","37.0000429,37.637749,-108.3796439,-107.4779364"
08069,"Larimer County, CO","40.2559697,41.0013099,-106.1952089,-104.9418949"
08071,"Las Animas County, CO","36.9937684,37.814774,-105.1566089,-103.0729599"
08073,"Lincoln County, CO","38.515934,39.565872,-104.0554864,-103.1527249"
08075,"Logan County, CO","40.433372,41.0021219,-103.581475,-102.6502079"
08077,"Mesa County, CO","38.499195,39.3665658,-109.0602533,-107.3771819"
08079,"Mineral County, CO","37.391895,37.974844,-107.1449658,-106.6918328"
08081,"Moffat County, CO","40.218998,41.0009352,-109.0509369,-107.3118588"
08083,"Montezuma County, CO","36.9989735,37.637749,-109.0460295,-107.9685899"
08085,"Montrose County, CO","38.151752,38.667801,-109.060256,-107.4989238"
08087,"Morgan County, CO","40.0002555,40.524071,-104.1504138,-103.4630969"
08089,"Otero County, CO","37.642311,38.264755,-104.0599438,-103.3965448"
08091,"Ouray County, CO","37.891163,38.331242,-108.1276398,-107.5068968"
08093,"Park County, CO","38.690659,39.565609,-106.2102059,-105.3289085"
08095,"Phillips County, CO","40.437794,40.7492179,-102.6642678,-102.0516229"
08097,"Pitkin County, CO","38.977691,39.366177,-107.4660949,-106.4269829"
08099,"Prowers County, CO","37.642796,38.268819,-102.7471079,-102.0415849"
08101,"Pueblo County, CO","37.731594,38.5222862,-105.0487438,-104.054087"
08103,"Rio Blanco County, CO","39.652161,40.223488,-109.0511337,-107.0354458"
08105,"Rio Grande County, CO","37.394573,37.834454,-106.7127609,-106.0376589"
08107,"Routt County, CO","39.919018,41.0010189,-107.4402469,-106.6242525"
08109,"Saguache County, CO","37.746532,38.455429,-107.0000949,-105.4276809"
08111,"San Juan County, CO","37.637226,37.970184,-107.9698938,-107.4570539"
08113,"San Miguel County, CO","37.772072,38.153099,-109.0451504,-107.7311098"
08115,"Sedgwick County, CO","40.747856,41.00236,-102.6537945,-102.0515775"
08117,"Summit County, CO","39.357355,39.924889,-106.4359209,-105.7754353"
08119,"Teller County, CO","38.645817,39.1297471,-105.3319272,-104.9389755"
08121,"Washington County, CO","39.564537,40.438137,-103.7066499,-102.7794269"
08123,"Weld County, CO","40.0001026,41.0017852,-105.0564728,-103.5729966"
08125,"Yuma County, CO","39.566528,40.440487,-102.8031618,-102.0498092"
09001,"Fairfield County, CT","40.9508815,41.666723,-73.7277749,-73.0651013"
09003,"Hartford County, CT","41.5448891,42.0387821,-73.0297239,-72.4080118"
09005,"Litchfield County, CT","41.4674869,42.050587,-73.5180799,-72.8871769"
09007,"Middlesex County, CT","41.2553421,41.647099,-72.7525053,-72.3053509"
09009,"New Haven County, CT","41.1687378,41.6444681,-73.3272583,-72.5362732"
09011,"New London County, CT","41.271706,41.714414,-72.4663849,-71.7876373"
09013,"Tolland County, CT","41.58855,42.0343757,-72.5186389,-72.0996169"
09015,"Windham County, CT","41.634583,42.0288995,-72.2531423,-71.7869939"
10001,"Kent County, DE","38.8292881,39.3863515,-75.7600805,-75.1369617"
10003,"New Castle County, DE","39.290558,39.8394337,-75.7890402,-75.4052808"
10005,"Sussex County, DE","38.4511276,39.0008138,-75.722746,-74.9849354"
11001,"District of Columbia, DC","38.7916303,38.9958524,-77.1197662,-76.9093659"
12001,"Alachua County, FL","29.417057,29.945254,-82.6585539,-82.0490519"
12003,"Baker County, FL","30.136449,30.584267,-82.4597929,-82.0488159"
12005,"Bay County, FL","29.901033,30.567682,-85.9998929,-85.3837429"
12007,"Bradford County, FL","29.718232,30.14324,-82.4187279,-82.0461119"
12009,"Brevard County, FL","27.822058,28.791396,-80.9880138,-80.3850688"
12011,"Broward County, FL","25.95675,26.3346674,-80.8813892,-80.0152759"
12013,"Calhoun County, FL","30.199889,30.608128,-85.3897548,-84.9330179"
12015,"Charlotte County, FL","26.769552,27.035287,-82.4373269,-81.5622019"
12017,"Citrus County, FL","28.665671,29.0526,-82.8482478,-82.1691879"
12019,"Clay County, FL","29.71867,30.193466,-82.0494419,-81.5812068"
12021,"Collier County, FL","25.769452,26.517069,-81.9055009,-80.8729919"
12023,"Columbia County, FL","29.825587,30.597734,-82.8004769,-82.4525179"
12027,"DeSoto County, FL","27.031701,27.340702,-82.0575823,-81.5621959"
12029,"Dixie County, FL","29.25099,29.825449,-83.4812639,-82.9198259"
12031,"Duval County, FL","30.103748,30.586197,-82.0495019,-81.3167119"
12033,"Escambia County, FL","30.2266128,30.999032,-87.6348959,-86.9166069"
12035,"Flagler County, FL","29.261133,29.671087,-81.5236599,-81.0419229"
12037,"Franklin County, FL","29.535953,30.013931,-85.2463159,-84.2559479"
12039,"Gadsden County, FL","30.387797,30.7113744,-84.9330179,-84.2823541"
12041,"Gilchrist County, FL","29.562467,29.935479,-82.9729619,-82.6562589"
12043,"Glades County, FL","26.768203,27.210881,-81.5659309,-80.8702154"
12045,"Gulf County, FL","29.603548,30.201385,-85.4749959,-85.0179539"
12047,"Hamilton County, FL","30.317237,30.634406,-83.3095729,-82.6454779"
12049,"Hardee County, FL","27.336709,27.646647,-82.0557529,-81.5633019"
12051,"Hendry County, FL","26.2531235,26.958919,-81.5663029,-80.8797178"
12053,"Hernando County, FL","28.43329,28.694859,-82.7784369,-82.0544689"
12055,"Highlands County, FL","27.032288,27.646647,-81.5640899,-80.9418079"
12057,"Hillsborough County, FL","27.57055,28.173379,-82.8236689,-82.0540119"
12059,"Holmes County, FL","30.702975,30.996931,-86.0377719,-85.4979918"
12061,"Indian River County, FL","27.556737,27.861362,-80.8811719,-80.2635429"
12063,"Jackson County, FL","30.564336,31.000968,-85.6002909,-84.8579699"
12065,"Jefferson County, FL","30.012225,30.672127,-84.0762339,-83.6041209"
12067,"Lafayette County, FL","29.820684,30.260676,-83.3708899,-82.8752839"
12069,"Lake County, FL","28.34518,29.2767866,-81.9576409,-81.3496429"
12071,"Lee County, FL","26.316129,26.789551,-82.3350399,-81.5621799"
12073,"Leon County, FL","30.273438,30.6853225,-84.7153659,-83.9771649"
12075,"Levy County, FL","28.914529,29.591374,-83.2398589,-82.4032147"
12077,"Liberty County, FL","29.971988,30.606311,-85.1529869,-84.5428729"
12079,"Madison County, FL","30.26011,30.651258,-83.8219129,-83.171196"
12081,"Manatee County, FL","27.207769,27.64668,-82.8230289,-82.0543489"
12083,"Marion County, FL","28.9597986,29.521678,-82.5359525,-81.6389335"
12085,"Martin County, FL","26.9563215,27.2638453,-80.8856389,-80.0227539"
12086,"Miami-Dade County, FL","25.13735,25.9791962,-80.8735999,-80.0427539"
12087,"Monroe County, FL","24.396308,25.8052273,-82.9874769,-80.1502469"
12089,"Nassau County, FL","30.273337,30.830106,-82.0504289,-81.3463579"
12091,"Okaloosa County, FL","30.325354,30.99698,-86.8005539,-86.3885149"
12093,"Okeechobee County, FL","26.958919,27.643238,-81.2137169,-80.6773559"
12095,"Orange County, FL","28.346742,28.786278,-81.6586189,-80.8631551"
12097,"Osceola County, FL","27.64199,28.348521,-81.6570869,-80.8624235"
12099,"Palm Beach County, FL","26.3206768,26.9709235,-80.8862319,-79.9743059"
12101,"Pasco County, FL","28.1699321,28.478837,-82.9083109,-82.0546939"
12103,"Pinellas County, FL","27.610273,28.173346,-82.9089089,-82.5406178"
12105,"Polk County, FL","27.643238,28.361868,-82.1062358,-81.1310439"
12107,"Putnam County, FL","29.32443,29.840176,-82.0561509,-81.4335829"
12109,"St. Johns County, FL","29.622432,30.252941,-81.6904689,-81.1508169"
12111,"St. Lucie County, FL","27.205584,27.558714,-80.6799999,-80.1380489"
12113,"Santa Rosa County, FL","30.318724,30.999547,-87.3138379,-86.7856919"
12115,"Sarasota County, FL","26.945255,27.3897857,-82.7054379,-82.0564969"
12117,"Seminole County, FL","28.6105084,28.879227,-81.4597363,-80.9869848"
12119,"Sumter County, FL","28.305265,28.96053,-82.3116969,-81.9533882"
12121,"Suwannee County, FL","29.8821962,30.442871,-83.2533559,-82.7585829"
12123,"Taylor County, FL","29.628697,30.30439,-83.9998829,-83.3188589"
12125,"Union County, FL","29.919923,30.143117,-82.5761429,-82.1378579"
12127,"Volusia County, FL","28.6129972,29.432462,-81.6809028,-80.6634609"
12129,"Wakulla County, FL","29.95805,30.303501,-84.7380279,-84.0754549"
12131,"Walton County, FL","30.21309,30.994553,-86.3975039,-85.8442359"
12133,"Washington County, FL","30.389657,30.830552,-85.9933509,-85.4322599"
13001,"Appling County, GA","31.468966,31.965754,-82.5508269,-82.0570449"
13003,"Atkinson County, GA","31.183342,31.420584,-83.1408919,-82.6290049"
13005,"Bacon County, GA","31.416885,31.711124,-82.6281049,-82.2265169"
13007,"Baker County, GA","31.078461,31.449146,-84.6415409,-84.1408229"
13009,"Baldwin County, GA","32.926094,33.190277,-83.4324719,-83.0436629"
13011,"Banks County, GA","34.19746,34.491539,-83.6695179,-83.3378449"
13013,"Barrow County, GA","33.894943,34.1275047,-83.8690818,-83.5374648"
13015,"Bartow County, GA","34.075279,34.412731,-85.0476229,-84.6440279"
13017,"Ben Hill County, GA","31.651419,31.852114,-83.4845049,-82.9955599"
13019,"Berrien County, GA","31.025503,31.476276,-83.4396289,-83.0346679"
13021,"Bibb County, GA","32.661396,32.952991,-83.8929059,-83.4894709"
13023,"Bleckley County, GA","32.272064,32.584454,-83.4980469,-83.1388849"
13025,"Brantley County, GA","31.01063,31.373188,-82.2845309,-81.7317959"
13027,"Brooks County, GA","30.637336,31.078085,-83.7437288,-83.3476409"
13029,"Bryan County, GA","31.7126661,32.24176,-81.7815629,-81.1383239"
13031,"Bulloch County, GA","32.153004,32.653408,-82.0307239,-81.4327999"
13033,"Burke County, GA","32.804195,33.297001,-82.3164219,-81.5418249"
13035,"Butts County, GA","33.180397,33.448063,-84.1236339,-83.8119809"
13037,"Calhoun County, GA","31.427876,31.643698,-84.8280259,-84.4126659"
13039,"Camden County, GA","30.70874,31.169601,-81.9369129,-81.3043561"
13043,"Candler County, GA","32.267555,32.560013,-82.2543789,-81.9192889"
13045,"Carroll County, GA","33.425468,33.812469,-85.3382005,-84.8089679"
13047,"Catoosa County, GA","34.767635,34.9876448,-85.2653959,-84.9799039"
13049,"Charlton County, GA","30.355757,31.075645,-82.4211435,-81.8916849"
13051,"Chatham County, GA","31.705198,32.237709,-81.3918759,-80.751432"
13053,"Chattahoochee County, GA","32.220951,32.534956,-85.0080959,-84.6373229"
13055,"Chattooga County, GA","34.285606,34.58913,-85.5272609,-85.1090319"
13057,"Cherokee County, GA","34.073333,34.41243,-84.6592559,-84.2575989"
13059,"Clarke County, GA","33.848026,34.0394653,-83.5374648,-83.2411269"
13061,"Clay County, GA","31.485687,31.7804578,-85.140946,-84.7987669"
13063,"Clayton County, GA","33.352352,33.648796,-84.4591369,-84.2438349"
13065,"Clinch County, GA","30.581767,31.184587,-82.9710999,-82.4186889"
13067,"Cobb County, GA","33.742508,34.088802,-84.7396605,-84.3747279"
13069,"Coffee County, GA","31.363447,31.810638,-83.1511839,-82.5964129"
13071,"Colquitt County, GA","31.026016,31.334911,-84.0138319,-83.5057369"
13073,"Columbia County, GA","33.355019,33.700787,-82.4423829,-82.0296019"
13075,"Cook County, GA","31.027542,31.35042,-83.5756149,-83.2796549"
13077,"Coweta County, GA","33.190952,33.51178,-85.0151209,-84.4969789"
13079,"Crawford County, GA","32.533302,32.857346,-84.1987149,-83.7104259"
13081,"Crisp County, GA","31.803772,32.030842,-83.9607009,-83.6094059"
13083,"Dade County, GA","34.625082,34.9847307,-85.60512,-85.3645099"
13085,"Dawson County, GA","34.333908,34.617626,-84.3464889,-83.9574659"
13087,"Decatur County, GA","30.6901141,31.079262,-84.8713855,-84.3757779"
13089,"DeKalb County, GA","33.61467,33.9708289,-84.3502246,-84.0316868"
13091,"Dodge County, GA","31.9003129,32.451992,-83.3743059,-82.871715"
13093,"Dooly County, GA","32.027988,32.29187,-84.0330959,-83.6062549"
13095,"Dougherty County, GA","31.435671,31.650105,-84.4573669,-83.9818649"
13097,"Douglas County, GA","33.573109,33.805927,-84.9108509,-84.5792469"
13099,"Early County, GA","31.0725261,31.518152,-85.1150023,-84.6271359"
13101,"Echols County, GA","30.5916183,30.872643,-83.1371229,-82.5794219"
13103,"Effingham County, GA","32.10067,32.5954223,-81.5497059,-81.1196329"
13105,"Elbert County, GA","33.9562,34.290432,-83.1031419,-82.5635379"
13107,"Emanuel County, GA","32.292137,32.841362,-82.6481169,-82.0021359"
13109,"Evans County, GA","32.047939,32.278893,-82.0257489,-81.7186612"
13111,"Fannin County, GA","34.602982,34.988408,-84.6228915,-84.0931629"
13113,"Fayette County, GA","33.256752,33.550789,-84.6276249,-84.3821029"
13115,"Floyd County, GA","34.077717,34.58683,-85.4620817,-85.0050659"
13117,"Forsyth County, GA","34.049366,34.335129,-84.2593229,-83.9257279"
13119,"Franklin County, GA","34.223709,34.536797,-83.3983539,-83.0506059"
13121,"Fulton County, GA","33.502228,34.186214,-84.8510209,-84.0975754"
13123,"Gilmer County, GA","34.548298,34.854862,-84.6575929,-84.1947709"
13125,"Glascock County, GA","33.118896,33.327221,-82.7556609,-82.4317249"
13127,"Glynn County, GA","30.9906499,31.452988,-81.7825009,-81.182567"
13129,"Gordon County, GA","34.383709,34.630695,-85.1123269,-84.6444929"
13131,"Grady County, GA","30.675804,31.079145,-84.3808833,-84.0731809"
13133,"Greene County, GA","33.35479,33.762085,-83.4060669,-82.9507749"
13135,"Gwinnett County, GA","33.7472757,34.1682306,-84.2768219,-83.7990588"
13137,"Habersham County, GA","34.430733,34.827782,-83.6816789,-83.3381617"
13139,"Hall County, GA","34.0985017,34.513802,-84.0630208,-83.6149139"
13141,"Hancock County, GA","33.04998,33.46909,-83.2745899,-82.7463529"
13143,"Haralson County, GA","33.651901,33.907692,-85.3855415,-85.0366129"
13145,"Harris County, GA","32.583129,32.872517,-85.1849139,-84.6837999"
13147,"Hart County, GA","34.210163,34.496407,-83.1154939,-82.7729029"
13149,"Heard County, GA","33.1295626,33.4280985,-85.2939058,-84.9392089"
13151,"Henry County, GA","33.297615,33.6474331,-84.3543469,-83.9230419"
13153,"Houston County, GA","32.283062,32.692276,-83.8566589,-83.4825739"
13155,"Irwin County, GA","31.472136,31.769621,-83.5011979,-82.9982529"
13157,"Jackson County, GA","33.9657625,34.295303,-83.8177278,-83.3571929"
13159,"Jasper County, GA","33.131748,33.526646,-83.8635329,-83.5334089"
13161,"Jeff Davis County, GA","31.671417,31.971903,-82.8367079,-82.4306719"
13163,"Jefferson County, GA","32.761333,33.313488,-82.6618269,-82.2323459"
13165,"Jenkins County, GA","32.607182,32.953739,-82.1479109,-81.7677309"
13167,"Johnson County, GA","32.510529,32.822353,-82.9568179,-82.4343109"
13169,"Jones County, GA","32.841671,33.185711,-83.8168259,-83.3572849"
13171,"Lamar County, GA","32.931335,33.202862,-84.2704769,-84.0410769"
13173,"Lanier County, GA","30.851622,31.184172,-83.1979369,-82.9699399"
13175,"Laurens County, GA","32.147713,32.715775,-83.2267839,-82.6346439"
13177,"Lee County, GA","31.621662,31.916487,-84.3380129,-83.9225919"
13179,"Liberty County, GA","31.5209871,32.0925572,-81.8243789,-81.049792"
13181,"Lincoln County, GA","33.637012,33.984653,-82.6464689,-82.2173839"
13183,"Long County, GA","31.538666,32.013954,-81.9814379,-81.4918012"
13185,"Lowndes County, GA","30.623967,31.031965,-83.4844509,-83.0206449"
13187,"Lumpkin County, GA","34.418713,34.7411,-84.1909639,-83.8315279"
13189,"McDuffie County, GA","33.310875,33.659981,-82.6492689,-82.2943339"
13191,"McIntosh County, GA","31.290959,31.6995811,-81.6678999,-81.095386"
13193,"Macon County, GA","32.171272,32.521927,-84.2556919,-83.8366469"
13195,"Madison County, GA","33.998993,34.273731,-83.4023669,-82.9765779"
13197,"Marion County, GA","32.13406,32.562103,-84.6589829,-84.3818439"
13199,"Meriwether County, GA","32.844296,33.231808,-84.8643879,-84.4926219"
13201,"Miller County, GA","31.067837,31.259718,-84.9225999,-84.5371089"
13205,"Mitchell County, GA","31.077318,31.444023,-84.5086439,-83.9977189"
13207,"Monroe County, GA","32.848358,33.202843,-84.1242139,-83.7057419"
13209,"Montgomery County, GA","31.948708,32.354,-82.6561049,-82.4089889"
13211,"Morgan County, GA","33.434185,33.817902,-83.6876749,-83.2691799"
13213,"Murray County, GA","34.583694,34.988329,-84.9445054,-84.5857389"
13215,"Muscogee County, GA","32.373874,32.608137,-85.0807838,-84.6674629"
13217,"Newton County, GA","33.368023,33.74387,-84.0543439,-83.6746829"
13219,"Oconee County, GA","33.698502,33.9657625,-83.6467509,-83.2757869"
13221,"Oglethorpe County, GA","33.690125,34.047848,-83.3066099,-82.7800059"
13223,"Paulding County, GA","33.774227,34.082561,-85.0505449,-84.7229309"
13225,"Peach County, GA","32.43861,32.692764,-84.0180969,-83.7006069"
13227,"Pickens County, GA","34.373035,34.563965,-84.6548539,-84.2567669"
13229,"Pierce County, GA","31.202717,31.530813,-82.4209519,-81.9924469"
13231,"Pike County, GA","32.968384,33.208725,-84.5383829,-84.2479019"
13233,"Polk County, GA","33.897014,34.099094,-85.4218527,-84.9228439"
13235,"Pulaski County, GA","32.103851,32.402153,-83.6160049,-83.2911379"
13237,"Putnam County, GA","33.167412,33.483303,-83.5458909,-83.1432499"
13239,"Quitman County, GA","31.770887,31.991857,-85.1418759,-84.9070059"
13241,"Rabun County, GA","34.715725,35.0008288,-83.6613919,-83.0982478"
13243,"Randolph County, GA","31.618507,31.931616,-84.9592819,-84.5349499"
13245,"Richmond County, GA","33.227165,33.544411,-82.3536609,-81.8283359"
13247,"Rockdale County, GA","33.526173,33.7866326,-84.1841429,-83.9128879"
13249,"Schley County, GA","32.157921,32.428429,-84.4302059,-84.1808779"
13251,"Screven County, GA","32.492065,33.0456599,-81.8689119,-81.3892082"
13253,"Seminole County, GA","30.7113744,31.0760679,-85.0285729,-84.7306315"
13255,"Spalding County, GA","33.178711,33.352657,-84.5083919,-84.0885619"
13257,"Stephens County, GA","34.460297,34.6872027,-83.4597929,-83.1030809"
13259,"Stewart County, GA","31.920332,32.232852,-85.0683299,-84.6312709"
13261,"Sumter County, GA","31.873436,32.229038,-84.4438019,-83.9194719"
13263,"Talbot County, GA","32.518639,32.883575,-84.7036589,-84.2862089"
13265,"Taliaferro County, GA","33.43811,33.733315,-83.0141979,-82.6801759"
13267,"Tattnall County, GA","31.7833,32.318771,-82.2352069,-81.7615279"
13269,"Taylor County, GA","32.371799,32.747269,-84.4531399,-84.0021059"
13271,"Telfair County, GA","31.774725,32.1531906,-83.2064969,-82.6453249"
13273,"Terrell County, GA","31.620962,31.967474,-84.6029819,-84.2584989"
13275,"Thomas County, GA","30.658396,31.07807,-84.1192699,-83.7364579"
13277,"Tift County, GA","31.326572,31.5979,-83.6666259,-83.3385159"
13279,"Toombs County, GA","31.913496,32.354,-82.4825439,-82.1819379"
13281,"Towns County, GA","34.790848,34.9924901,-83.9463349,-83.5466839"
13283,"Treutlen County, GA","32.293549,32.51263,-82.7460169,-82.3822779"
13285,"Troup County, GA","32.868633,33.224724,-85.2365088,-84.8611069"
13287,"Turner County, GA","31.56562,31.854235,-83.8033289,-83.4530639"
13289,"Twiggs County, GA","32.452381,32.898155,-83.6107409,-83.2267839"
13291,"Union County, GA","34.640713,34.987504,-84.1799929,-83.7803879"
13293,"Upson County, GA","32.684483,32.999836,-84.5341719,-84.1221689"
13295,"Walker County, GA","34.586395,34.9850724,-85.5343269,-85.0522609"
13297,"Walton County, GA","33.597149,33.9303582,-83.9821338,-83.5057679"
13299,"Ware County, GA","30.568481,31.469048,-82.7013319,-82.131751"
13301,"Warren County, GA","33.253643,33.611389,-82.8656009,-82.3842319"
13303,"Washington County, GA","32.759106,33.23822,-83.0735169,-82.5108029"
13305,"Wayne County, GA","31.327122,31.831451,-82.1478199,-81.6120609"
13307,"Webster County, GA","31.919306,32.233147,-84.6556239,-84.4311139"
13309,"Wheeler County, GA","31.919191,32.309174,-82.9399069,-82.5392609"
13311,"White County, GA","34.503593,34.80146,-83.8773499,-83.6153409"
13313,"Whitfield County, GA","34.615559,34.9876696,-85.1697309,-84.8104799"
13315,"Wilcox County, GA","31.845102,32.133736,-83.6124569,-83.1767649"
13317,"Wilkes County, GA","33.600098,33.991051,-82.9871669,-82.4775999"
13319,"Wilkinson County, GA","32.584454,33.008968,-83.4074249,-82.9453349"
13321,"Worth County, GA","31.318388,31.849649,-84.0328599,-83.6494059"
15001,"Hawaii County, HI","18.864031,28.517269,-178.4435929,-154.757659"
15003,"Honolulu County, HI","23.517002,23.623425,-164.7649109,-164.6400189"
15005,"Kalawao County, HI","21.129479,21.274619,-157.0150579,-156.8711949"
15007,"Kauai County, HI","21.8186696,22.2929436,-159.8479066,-159.2450546"
15009,"Maui County, HI","20.457266,21.09258,-156.7559779,-155.9268369"
16001,"Ada County, ID","43.113285,43.808651,-116.5141298,-115.9738538"
16003,"Adams County, ID","44.444454,45.270264,-116.9006192,-116.0894928"
16005,"Bannock County, ID","42.255772,43.025093,-112.7503659,-111.8805998"
16007,"Bear Lake County, ID","41.999518,42.603291,-111.6342008,-111.0462798"
16009,"Benewah County, ID","47.022179,47.414936,-117.040069,-116.3241199"
16011,"Bingham County, ID","42.861546,43.628563,-113.0121838,-111.5859678"
16013,"Blaine County, ID","42.616329,43.993431,-114.9967118,-113.0067368"
16015,"Boise County, ID","43.584141,44.351524,-116.2860408,-114.9648278"
16017,"Bonner County, ID","47.8887254,48.8470723,-117.042211,-116.0487389"
16019,"Bonneville County, ID","43.0196,43.628799,-112.5199658,-111.0439969"
16021,"Boundary County, ID","48.5005872,49.0008447,-117.032428,-116.0491564"
16023,"Butte County, ID","43.28487,44.23452,-113.7978129,-112.6919249"
16025,"Camas County, ID","43.198421,43.860176,-115.0866778,-114.3777238"
16027,"Canyon County, ID","43.286682,43.882572,-117.0268706,-116.4712218"
16029,"Caribou County, ID","42.415276,43.025078,-112.1425248,-111.0435638"
16031,"Cassia County, ID","41.988057,42.680672,-114.2865448,-113.0018689"
16033,"Clark County, ID","43.971733,44.569516,-112.9935908,-111.6133579"
16035,"Clearwater County, ID","46.2654335,46.9332712,-116.4566498,-114.6053522"
16037,"Custer County, ID","43.569218,44.871494,-115.3017038,-113.3156888"
16039,"Elmore County, ID","42.768101,44.100563,-116.2648928,-114.9703748"
16041,"Franklin County, ID","41.9975543,42.431202,-112.1245118,-111.5071258"
16043,"Fremont County, ID","43.88377,44.7551546,-112.1572798,-111.0471049"
16045,"Gem County, ID","43.807087,44.507271,-116.7120818,-116.1512528"
16047,"Gooding County, ID","42.650406,43.200115,-115.0874858,-114.5907288"
16049,"Idaho County, ID","45.108719,46.669059,-116.7921096,-114.3206649"
16051,"Jefferson County, ID","43.623337,44.059368,-112.6957238,-111.6232218"
16053,"Jerome County, ID","42.49815,42.851349,-114.6170038,-113.9308168"
16055,"Kootenai County, ID","47.365501,47.9915469,-117.0426569,-116.3223948"
16057,"Latah County, ID","46.5436766,47.131176,-117.0398627,-116.3260798"
16059,"Lemhi County, ID","44.229866,45.704564,-114.8177869,-112.8099978"
16061,"Lewis County, ID","45.99131,46.470894,-116.7188568,-116.0123805"
16063,"Lincoln County, ID","42.764683,43.200653,-114.5927658,-113.7148668"
16065,"Madison County, ID","43.622459,43.931709,-111.9772568,-111.3985898"
16067,"Minidoka County, ID","42.520424,43.198196,-113.9320908,-113.4113008"
16069,"Nez Perce County, ID","45.8527135,46.631767,-117.0627849,-116.3603128"
16071,"Oneida County, ID","41.996568,42.502979,-113.0034328,-112.0727458"
16073,"Owyhee County, ID","41.996025,43.6811373,-117.0292736,-115.0358958"
16075,"Payette County, ID","43.792583,44.1551786,-116.9826554,-116.4493329"
16077,"Power County, ID","42.328091,43.113441,-113.2435378,-112.3786008"
16079,"Shoshone County, ID","46.930714,48.0677235,-116.3282009,-114.9642489"
16081,"Teton County, ID","43.501135,43.986777,-111.3997188,-111.0454739"
16083,"Twin Falls County, ID","41.994214,42.919544,-115.0395889,-114.0099409"
16085,"Valley County, ID","44.150047,45.218002,-116.2141648,-114.6950298"
16087,"Washington County, ID","44.152878,44.84951,-117.2430268,-116.3009258"
17001,"Adams County, IL","39.756645,40.2003599,-91.5130516,-90.9104608"
17003,"Alexander County, IL","36.9701313,37.335838,-89.52071,-89.1330126"
17005,"Bond County, IL","38.740627,39.027111,-89.6398159,-89.2526089"
17007,"Boone County, IL","42.1535592,42.4950027,-88.9405898,-88.7040912"
17009,"Brown County, IL","39.838951,40.106182,-90.9161068,-90.5124509"
17011,"Bureau County, IL","41.148701,41.586723,-89.8610529,-89.1649479"
17013,"Calhoun County, IL","38.8682885,39.4004719,-90.937224,-90.4503447"
17015,"Carroll County, IL","41.930275,42.1983159,-90.3229545,-89.6855699"
17017,"Cass County, IL","39.872936,40.124454,-90.5836109,-89.9938049"
17019,"Champaign County, IL","39.8790978,40.4006758,-88.463571,-87.9288158"
17021,"Christian County, IL","39.345333,39.824234,-89.5353319,-89.0236209"
17023,"Clark County, IL","39.1566127,39.488525,-88.0159379,-87.5310842"
17025,"Clay County, IL","38.599812,38.91531,-88.6997829,-88.2546228"
17027,"Clinton County, IL","38.417381,38.742012,-89.7072679,-89.1394729"
17029,"Coles County, IL","39.372982,39.687065,-88.4737009,-87.9604948"
17031,"Cook County, IL","41.4697188,42.1544718,-88.2630389,-87.5233283"
17033,"Crawford County, IL","38.850502,39.179306,-87.9509579,-87.5121868"
17035,"Cumberland County, IL","39.170101,39.379536,-88.4722819,-88.0085679"
17037,"DeKalb County, IL","41.62907,42.1552469,-88.9438249,-88.5883869"
17039,"De Witt County, IL","40.049313,40.283588,-89.1493299,-88.5755689"
17041,"Douglas County, IL","39.652081,39.8802212,-88.4737009,-87.9359049"
17043,"DuPage County, IL","41.6868162,41.9938192,-88.2628829,-87.9145632"
17045,"Edgar County, IL","39.476776,39.8829462,-87.9682309,-87.5316563"
17047,"Edwards County, IL","38.255444,38.570126,-88.1502989,-87.9405059"
17049,"Effingham County, IL","38.910877,39.215851,-88.8077239,-88.3606189"
17051,"Fayette County, IL","38.736092,39.216534,-89.2568439,-88.6946259"
17053,"Ford County, IL","40.3984534,40.9977587,-88.4600606,-87.9317941"
17055,"Franklin County, IL","37.862227,38.127242,-89.1793935,-88.7037086"
17057,"Fulton County, IL","40.182533,40.714729,-90.4511259,-89.8718045"
17059,"Gallatin County, IL","37.5730829,37.916208,-88.3742369,-88.0250173"
17061,"Greene County, IL","39.1185802,39.5215329,-90.6222156,-90.1501619"
17063,"Grundy County, IL","41.1102966,41.463547,-88.5962427,-88.2414549"
17065,"Hamilton County, IL","37.907649,38.25724,-88.7062566,-88.3712689"
17067,"Hancock County, IL","40.192471,40.638969,-91.5072688,-90.9041439"
17069,"Hardin County, IL","37.401663,37.603085,-88.4138764,-88.0625679"
17071,"Henderson County, IL","40.63475,41.0717052,-91.1834028,-90.7865679"
17073,"Henry County, IL","41.149666,41.58625,-90.4396819,-89.8554689"
17075,"Iroquois County, IL","40.4864312,41.0105313,-88.131932,-87.525651"
17077,"Jackson County, IL","37.56361,37.9552,-89.6795498,-89.1506156"
17079,"Jasper County, IL","38.846657,39.176586,-88.3626329,-87.9447479"
17081,"Jefferson County, IL","38.125002,38.476921,-89.1514049,-88.7018049"
17083,"Jersey County, IL","38.923429,39.262501,-90.6036227,-90.1460599"
17085,"Jo Daviess County, IL","42.1959379,42.508302,-90.6565268,-89.918253"
17087,"Johnson County, IL","37.295753,37.60183,-89.0442199,-88.7070469"
17089,"Kane County, IL","41.7195409,42.1539667,-88.6045437,-88.2376859"
17091,"Kankakee County, IL","40.9945523,41.2980678,-88.2520324,-87.5261825"
17093,"Kendall County, IL","41.4563065,41.725136,-88.6047289,-88.2523959"
17095,"Knox County, IL","40.711426,41.15213,-90.4466319,-89.9851459"
17097,"Lake County, IL","42.1523067,42.495627,-88.1995432,-87.7494904"
17099,"LaSalle County, IL","40.926113,41.633064,-89.1679989,-88.5857102"
17101,"Lawrence County, IL","38.5681979,38.852398,-87.9119949,-87.4970779"
17103,"Lee County, IL","41.58448,41.912243,-89.6323699,-88.9380569"
17105,"Livingston County, IL","40.6156676,41.1149866,-88.9298642,-88.2341172"
17107,"Logan County, IL","39.915558,40.3263156,-89.6040355,-89.1439289"
17109,"McDonough County, IL","40.277039,40.637466,-90.9098429,-90.4473039"
17111,"McHenry County, IL","42.1535555,42.4950734,-88.7059812,-88.1966568"
17113,"McLean County, IL","40.2813,40.7563916,-89.2685405,-88.4575972"
17115,"Macon County, IL","39.652588,40.056042,-89.2192839,-88.7454989"
17117,"Macoupin County, IL","38.998035,39.524227,-90.1554569,-89.6978299"
17119,"Madison County, IL","38.655903,39.0002202,-90.2760119,-89.5967329"
17121,"Marion County, IL","38.474136,38.825558,-89.1444469,-88.6961979"
17123,"Marshall County, IL","40.921425,41.148773,-89.6396329,-89.0467529"
17125,"Mason County, IL","40.050903,40.4360266,-90.3546369,-89.6011279"
17127,"Massac County, IL","37.0613062,37.338455,-88.9272989,-88.4903417"
17129,"Menard County, IL","39.902618,40.160343,-89.9952469,-89.5781099"
17131,"Mercer County, IL","41.062408,41.3343037,-91.1141858,-90.4346769"
17133,"Monroe County, IL","38.0879113,38.520725,-90.3730498,-89.8967359"
17135,"Montgomery County, IL","38.999336,39.524841,-89.7047269,-89.1408159"
17137,"Morgan County, IL","39.519493,39.875759,-90.6002579,-89.9231259"
17139,"Moultrie County, IL","39.446518,39.79081,-88.8128128,-88.4724429"
17141,"Ogle County, IL","41.88588,42.2067362,-89.6880734,-88.9394988"
17143,"Peoria County, IL","40.5136443,40.975445,-89.9890165,-89.4459299"
17145,"Perry County, IL","37.951385,38.220348,-89.5958179,-89.1185185"
17147,"Piatt County, IL","39.79002,40.2818725,-88.7458949,-88.4604382"
17149,"Pike County, IL","39.3951852,39.844166,-91.3700088,-90.5673449"
17151,"Pope County, IL","37.0613062,37.602695,-88.7084429,-88.4091109"
17153,"Pulaski County, IL","37.0686555,37.335793,-89.2715149,-88.9271619"
17155,"Putnam County, IL","41.10421,41.321907,-89.4664989,-89.1617129"
17157,"Randolph County, IL","37.8030275,38.222843,-90.2069277,-89.5938109"
17159,"Richland County, IL","38.56876,38.850594,-88.3006209,-87.9070659"
17161,"Rock Island County, IL","41.327332,41.7829646,-91.0718949,-90.1616519"
17163,"St. Clair County, IL","38.220215,38.66045,-90.2651899,-89.7051159"
17165,"Saline County, IL","37.601452,37.90976,-88.7071459,-88.3717729"
17167,"Sangamon County, IL","39.52264,39.976822,-89.9940949,-89.2182768"
17169,"Schuyler County, IL","39.980247,40.283176,-90.9117429,-90.2012559"
17171,"Scott County, IL","39.519997,39.788715,-90.6473999,-90.3019328"
17173,"Shelby County, IL","39.214077,39.653591,-89.1419679,-88.4703828"
17175,"Stark County, IL","40.973396,41.234497,-89.9869459,-89.6391909"
17177,"Stephenson County, IL","42.1959379,42.50579,-89.924454,-89.3960416"
17179,"Tazewell County, IL","40.3186446,40.7482993,-89.9237145,-89.2645195"
17181,"Union County, IL","37.331116,37.600773,-89.5218953,-89.0411989"
17183,"Vermilion County, IL","39.879108,40.4912239,-87.9420466,-87.5264006"
17185,"Wabash County, IL","38.241566,38.570126,-87.9924699,-87.6507038"
17187,"Warren County, IL","40.62854,41.069695,-90.7890239,-90.4397278"
17189,"Washington County, IL","38.213539,38.518986,-89.7056729,-89.1443019"
17191,"Wayne County, IL","38.256443,38.607216,-88.7041779,-88.1470029"
17193,"White County, IL","37.8834123,38.261436,-88.3747629,-87.9149399"
17195,"Whiteside County, IL","41.585766,41.932243,-90.2484738,-89.6296009"
17197,"Will County, IL","41.2015852,41.7288887,-88.2625119,-87.5250653"
17199,"Williamson County, IL","37.598106,37.864409,-89.1547158,-88.7046396"
17201,"Winnebago County, IL","42.1522239,42.5005322,-89.4020601,-88.9384145"
17203,"Woodford County, IL","40.5943436,40.9276336,-89.5595629,-88.9282242"
18001,"Adams County, IN","40.5687717,40.9225678,-85.0737716,-84.8021699"
18003,"Allen County, IN","40.9170272,41.2712356,-85.3388985,-84.8029196"
18005,"Bartholomew County, IN","39.036064,39.350731,-86.0853649,-85.6849369"
18007,"Benton County, IN","40.476131,40.7369288,-87.5265087,-87.0934449"
18009,"Blackford County, IN","40.378864,40.5679247,-85.4453809,-85.2008646"
18011,"Boone County, IN","39.922825,40.180691,-86.6961899,-86.2406492"
18013,"Brown County, IN","39.046936,39.345261,-86.3816219,-86.0805279"
18015,"Carroll County, IN","40.43166,40.7371256,-86.7742973,-86.3739239"
18017,"Cass County, IN","40.561348,40.912033,-86.581328,-86.1654049"
18019,"Clark County, IN","38.266981,38.606736,-85.9949489,-85.4148905"
18021,"Clay County, IN","39.170143,39.608208,-87.2382809,-86.9404069"
18023,"Clinton County, IN","40.178535,40.4320454,-86.6961899,-86.2419819"
18025,"Crawford County, IN","38.1050399,38.422497,-86.6814349,-86.2457579"
18027,"Daviess County, IN","38.490257,38.906925,-87.2794269,-86.9045559"
18029,"Dearborn County, IN","38.935463,39.308182,-85.1328065,-84.8193293"
18031,"Decatur County, IN","39.130669,39.453434,-85.6880949,-85.2965999"
18033,"DeKalb County, IN","41.2642617,41.530231,-85.1947329,-84.8035059"
18035,"Delaware County, IN","40.076477,40.379391,-85.5784379,-85.2157289"
18037,"Dubois County, IN","38.206264,38.526519,-87.0729749,-86.6798859"
18039,"Elkhart County, IN","41.436752,41.7605285,-86.0626589,-85.6542129"
18041,"Fayette County, IN","39.526432,39.790192,-85.3016659,-85.0344089"
18043,"Floyd County, IN","38.1847153,38.418438,-86.0329969,-85.7608299"
18045,"Fountain County, IN","39.953773,40.366394,-87.4401859,-87.0909189"
18047,"Franklin County, IN","39.268013,39.527554,-85.2988659,-84.8153689"
18049,"Fulton County, IN","40.908165,41.173603,-86.4677049,-85.9456709"
18051,"Gibson County, IN","38.1654307,38.532169,-87.9868999,-87.3159869"
18053,"Grant County, IN","40.378414,40.654564,-85.8644869,-85.4448469"
18055,"Greene County, IN","38.905144,39.172817,-87.2421259,-86.6815799"
18057,"Hamilton County, IN","39.9260664,40.22015,-86.2434999,-85.8617019"
18059,"Hancock County, IN","39.6971908,39.945889,-85.9540129,-85.5759279"
18061,"Harrison County, IN","37.9586889,38.422401,-86.3310918,-85.8945746"
18063,"Hendricks County, IN","39.600098,39.9242126,-86.6936949,-86.3253729"
18065,"Henry County, IN","39.785835,40.076912,-85.5969089,-85.2013399"
18067,"Howard County, IN","40.373413,40.566635,-86.3755869,-85.8624499"
18069,"Huntington County, IN","40.6541257,41.0061171,-85.6440199,-85.3341656"
18071,"Jackson County, IN","38.724782,39.070637,-86.3181459,-85.7949249"
18073,"Jasper County, IN","40.7364954,41.286186,-87.2767869,-86.9292909"
18075,"Jay County, IN","40.30732,40.5722049,-85.2205429,-84.8024722"
18077,"Jefferson County, IN","37.9971,38.3801391,-85.9510399,-85.4050999"
18079,"Jennings County, IN","38.8068095,39.195435,-85.7989269,-85.4402999"
18081,"Johnson County, IN","39.342018,39.638345,-86.2498549,-85.9520799"
18083,"Knox County, IN","38.4140103,38.910355,-87.7441302,-87.0942309"
18085,"Kosciusko County, IN","41.041351,41.438366,-86.0776899,-85.6517939"
18087,"LaGrange County, IN","41.525059,41.760097,-85.6598019,-85.1947329"
18089,"Lake County, IN","41.161945,41.7164339,-87.5267052,-87.2184069"
18091,"LaPorte County, IN","41.237099,41.7602541,-86.9323429,-86.4865109"
18093,"Lawrence County, IN","38.686737,38.99416,-86.6852949,-86.2751777"
18095,"Madison County, IN","39.943638,40.379391,-85.8630219,-85.5763169"
18097,"Marion County, IN","39.6321533,39.9274063,-86.3281206,-85.9373789"
18099,"Marshall County, IN","41.17112,41.479259,-86.4670559,-86.0538939"
18101,"Martin County, IN","38.4945886,38.907909,-86.9239454,-86.6823429"
18103,"Miami County, IN","40.563255,40.999325,-86.1707459,-85.8640519"
18105,"Monroe County, IN","38.993576,39.356228,-86.6852949,-86.3176569"
18107,"Montgomery County, IN","39.864342,40.217201,-87.0918959,-86.6929399"
18109,"Morgan County, IN","39.339088,39.6336747,-86.6860729,-86.2474589"
18111,"Newton County, IN","40.7365127,41.218674,-87.5266299,-87.2664109"
18113,"Noble County, IN","41.264208,41.527561,-85.6554259,-85.1929127"
18115,"Ohio County, IN","38.9008805,39.0326257,-85.1402446,-84.8288466"
18117,"Orange County, IN","38.397114,38.68763,-86.6839219,-86.3067929"
18119,"Owen County, IN","39.16605,39.473446,-87.0548709,-86.6308749"
18121,"Parke County, IN","39.604134,39.954216,-87.4344409,-87.0078049"
18123,"Perry County, IN","37.841425,38.264446,-86.8152669,-86.4305164"
18125,"Pike County, IN","38.231949,38.552521,-87.4642029,-87.0722579"
18127,"Porter County, IN","41.220161,41.711857,-87.2229319,-86.9293209"
18129,"Posey County, IN","37.771742,38.2303971,-88.0997018,-87.6888049"
18131,"Pulaski County, IN","40.909332,41.172783,-86.9309539,-86.4665299"
18133,"Putnam County, IN","39.469955,39.868446,-87.0125119,-86.6403269"
18135,"Randolph County, IN","40.00423,40.3102536,-85.2182079,-84.8035818"
18137,"Ripley County, IN","38.913994,39.308182,-85.4449769,-85.0652239"
18139,"Rush County, IN","39.453018,39.789421,-85.6337739,-85.2976839"
18141,"St. Joseph County, IN","41.433876,41.7606217,-86.5264359,-86.0592189"
18143,"Scott County, IN","38.563095,38.8319524,-85.8883466,-85.5701369"
18145,"Shelby County, IN","39.346962,39.699326,-85.9521869,-85.6296009"
18147,"Spencer County, IN","37.782512,38.207138,-87.2680324,-86.7653499"
18149,"Starke County, IN","41.17112,41.43388,-86.9308699,-86.4663469"
18151,"Steuben County, IN","41.527561,41.760216,-85.1974664,-84.8047289"
18153,"Sullivan County, IN","38.903728,39.2612452,-87.6459894,-87.2379909"
18155,"Switzerland County, IN","38.6875082,38.9294152,-85.2034069,-84.7846089"
18157,"Tippecanoe County, IN","40.214355,40.5630784,-87.0953947,-86.6943509"
18159,"Tipton County, IN","40.215157,40.406986,-86.2434999,-85.8617019"
18161,"Union County, IN","39.5228728,39.729126,-85.0364149,-84.8143229"
18163,"Vanderburgh County, IN","37.825899,38.168503,-87.7009149,-87.4495974"
18165,"Vermillion County, IN","39.6090364,40.150772,-87.5329562,-87.3538059"
18167,"Vigo County, IN","39.260502,39.609642,-87.6097792,-87.1991499"
18169,"Wabash County, IN","40.652538,41.046471,-85.9466319,-85.6384959"
18171,"Warren County, IN","40.130089,40.4792227,-87.5314052,-87.0919269"
18173,"Warrick County, IN","37.8779837,38.246002,-87.4723864,-87.0165409"
18175,"Washington County, IN","38.417679,38.7839118,-86.3106322,-85.8474429"
18177,"Wayne County, IN","39.714478,40.006596,-85.2214359,-84.8108116"
18179,"Wells County, IN","40.5670167,40.9176554,-85.4476986,-85.0689296"
18181,"White County, IN","40.5605875,40.913601,-87.0995329,-86.5796589"
18183,"Whitley County, IN","41.001186,41.295029,-85.6876369,-85.3078264"
19001,"Adair County, IA","41.156055,41.503326,-94.7024918,-94.2424318"
19003,"Adams County, IA","40.898888,41.157753,-94.9307628,-94.4722138"
19005,"Allamakee County, IA","43.0797806,43.500993,-91.6094888,-91.0579099"
19007,"Appanoose County, IA","40.5839992,40.898403,-93.1011434,-92.6389158"
19009,"Audubon County, IA","41.503212,41.86261,-95.0946578,-94.7014078"
19011,"Benton County, IA","41.861794,42.298676,-92.2993106,-91.8313693"
19013,"Black Hawk County, IA","42.297132,42.641323,-92.5553968,-92.0647278"
19015,"Boone County, IA","41.8621599,42.2099224,-94.1672738,-93.6983849"
19017,"Bremer County, IA","42.640678,42.906258,-92.5553968,-92.0824578"
19019,"Buchanan County, IA","42.295895,42.643707,-92.0829618,-91.5969008"
19021,"Buena Vista County, IA","42.560154,42.9099656,-95.3888698,-94.9152148"
19023,"Butler County, IA","42.554962,42.9075433,-93.0269975,-92.5536418"
19025,"Calhoun County, IA","42.208603,42.560242,-94.9152148,-94.3973386"
19027,"Carroll County, IA","41.860985,42.210148,-95.0946578,-94.6297838"
19029,"Cass County, IA","41.15715,41.504055,-95.1568978,-94.7014078"
19031,"Cedar County, IA","41.597431,41.948265,-91.3677192,-90.8996808"
19033,"Cerro Gordo County, IA","42.9075263,43.257626,-93.4986193,-93.023405"
19035,"Cherokee County, IA","42.560154,42.9098022,-95.8600308,-95.3875198"
19037,"Chickasaw County, IA","42.905891,43.213184,-92.5544428,-92.0807648"
19039,"Clarke County, IA","40.896118,41.1613023,-94.0151668,-93.5579678"
19041,"Clay County, IA","42.909386,43.256023,-95.3881608,-94.9137189"
19043,"Clayton County, IA","42.643688,43.081707,-91.6060328,-90.8959835"
19045,"Clinton County, IA","41.728069,42.033962,-90.9000168,-90.1400608"
19047,"Crawford County, IA","41.861881,42.2112846,-95.6734538,-95.0913238"
19049,"Dallas County, IA","41.502747,41.862656,-94.2813418,-93.7905212"
19051,"Davis County, IA","40.590825,40.89941,-92.6427614,-92.1791608"
19053,"Decatur County, IA","40.5738659,40.89893,-94.0182188,-93.5565039"
19055,"Delaware County, IA","42.294884,42.645081,-91.6084668,-91.1292268"
19057,"Des Moines County, IA","40.69558,41.074074,-91.4089122,-90.9422528"
19059,"Dickinson County, IA","43.2550432,43.5011333,-95.3880078,-94.9137189"
19061,"Dubuque County, IA","42.293335,42.6746225,-91.1334378,-90.4733175"
19063,"Emmet County, IA","43.2550432,43.5010685,-94.9148359,-94.4411851"
19065,"Fayette County, IA","42.640678,43.082619,-92.0830078,-91.6040188"
19067,"Floyd County, IA","42.905891,43.212891,-93.025168,-92.5536418"
19069,"Franklin County, IA","42.5566903,42.908484,-93.4996854,-93.025168"
19071,"Fremont County, IA","40.580501,40.902344,-95.8889069,-95.3706738"
19073,"Greene County, IA","41.861614,42.209091,-94.6302258,-94.1648708"
19075,"Grundy County, IA","42.209281,42.5568174,-93.0270185,-92.5352548"
19077,"Guthrie County, IA","41.503052,41.862385,-94.7476198,-94.2419198"
19079,"Hamilton County, IA","42.2091814,42.5581262,-93.9715693,-93.4626646"
19081,"Hancock County, IA","42.9077479,43.2556118,-93.9714696,-93.4975317"
19083,"Hardin County, IA","42.2087354,42.5576621,-93.4995673,-93.0016669"
19085,"Harrison County, IA","41.504789,41.8655846,-96.1382074,-95.4968408"
19087,"Henry County, IA","40.812302,41.163048,-91.7192148,-91.3702764"
19089,"Howard County, IA","43.212891,43.5008129,-92.5545428,-92.0802856"
19091,"Humboldt County, IA","42.643471,42.907939,-94.4457088,-93.9712387"
19093,"Ida County, IA","42.20948,42.561305,-95.7418052,-95.3213728"
19095,"Iowa County, IA","41.50959,41.862694,-92.3016508,-91.8270028"
19097,"Jackson County, IA","42.032505,42.381783,-90.8991388,-90.1546363"
19099,"Jasper County, IA","41.507407,41.862431,-93.3495938,-92.7563928"
19101,"Jefferson County, IA","40.899242,41.163586,-92.1815638,-91.7171398"
19103,"Johnson County, IA","41.422211,41.8620363,-91.8337398,-91.3670648"
19105,"Jones County, IA","41.947124,42.296375,-91.3669128,-90.8983538"
19107,"Keokuk County, IA","41.161129,41.510796,-92.4136048,-91.9453278"
19109,"Kossuth County, IA","42.906803,43.5005792,-94.4455568,-93.9691869"
19111,"Lee County, IA","40.3756007,40.813507,-91.7205808,-91.1121898"
19113,"Linn County, IA","41.8603082,42.298676,-91.8352635,-91.3648988"
19115,"Louisa County, IA","41.0717052,41.423523,-91.4870448,-90.9462588"
19117,"Lucas County, IA","40.897053,41.159836,-93.5606158,-93.1011434"
19119,"Lyon County, IA","43.258263,43.5004953,-96.6031977,-95.8593085"
19121,"Madison County, IA","41.15377,41.5119493,-94.2433778,-93.7892562"
19123,"Mahaska County, IA","41.159065,41.508957,-92.8738944,-92.4114988"
19125,"Marion County, IA","41.158829,41.508274,-93.3303828,-92.8709638"
19127,"Marshall County, IA","41.8618507,42.2101977,-93.2339708,-92.7661064"
19129,"Mills County, IA","40.9001718,41.159898,-95.8833459,-95.3835978"
19131,"Mitchell County, IA","43.212254,43.500346,-93.0245128,-92.5529695"
19133,"Monona County, IA","41.861881,42.214825,-96.3598699,-95.6704558"
19135,"Monroe County, IA","40.897873,41.159718,-93.1027074,-92.6423114"
19137,"Montgomery County, IA","40.900913,41.159569,-95.3845438,-94.9292528"
19139,"Muscatine County, IA","41.3329111,41.59874,-91.3701478,-90.7849118"
19141,"O'Brien County, IA","42.9090936,43.259487,-95.8625948,-95.3876718"
19143,"Osceola County, IA","43.255962,43.5006474,-95.8623578,-95.3860197"
19145,"Page County, IA","40.5750986,40.902328,-95.3852388,-94.9163508"
19147,"Palo Alto County, IA","42.906803,43.2556133,-94.9160096,-94.4434036"
19149,"Plymouth County, IA","42.560611,42.910576,-96.6397161,-95.8580248"
19151,"Pocahontas County, IA","42.557232,42.9096979,-94.9168848,-94.4445268"
19153,"Polk County, IA","41.481049,41.862476,-93.8158079,-93.3283639"
19155,"Pottawattamie County, IA","41.158726,41.505756,-96.0198169,-95.1558378"
19157,"Poweshiek County, IA","41.508247,41.862488,-92.7683328,-92.2985838"
19159,"Ringgold County, IA","40.5708156,40.899059,-94.4726538,-94.0151058"
19161,"Sac County, IA","42.209549,42.561092,-95.3883738,-94.8574828"
19163,"Scott County, IA","41.449632,41.774384,-90.9009548,-90.3127698"
19165,"Shelby County, IA","41.503662,41.86261,-95.5585018,-95.0417558"
19167,"Sioux County, IA","42.9090842,43.2600337,-96.5714937,-95.8583908"
19169,"Story County, IA","41.862206,42.2093575,-93.7001418,-93.2315515"
19171,"Tama County, IA","41.8618507,42.2975304,-92.7696908,-92.2976431"
19173,"Taylor County, IA","40.570707,40.900913,-94.9309078,-94.4722978"
19175,"Union County, IA","40.896118,41.156597,-94.4728008,-94.0151058"
19177,"Van Buren County, IA","40.5998261,40.900017,-92.1797558,-91.7169488"
19179,"Wapello County, IA","40.897903,41.16169,-92.6468974,-92.1797558"
19181,"Warren County, IA","41.159283,41.5119979,-93.7906359,-93.3282204"
19183,"Washington County, IA","41.161705,41.5116,-91.9471508,-91.4838405"
19185,"Wayne County, IA","40.579916,40.898567,-93.5579678,-93.0974348"
19187,"Webster County, IA","42.208603,42.6446908,-94.4457088,-93.9315711"
19189,"Winnebago County, IA","43.2550388,43.4999726,-93.9705348,-93.4964177"
19191,"Winneshiek County, IA","43.0816,43.500804,-92.0818408,-91.6019358"
19193,"Woodbury County, IA","42.2112846,42.562218,-96.4989871,-95.6692808"
19195,"Worth County, IA","43.2554045,43.4998301,-93.497652,-93.0237479"
19197,"Wright County, IA","42.5575388,42.9087507,-93.9716092,-93.4986193"
20001,"Allen County, KS","37.732609,38.03823,-95.5261919,-95.0766909"
20003,"Anderson County, KS","38.037601,38.3904732,-95.5189699,-95.0623319"
20005,"Atchison County, KS","39.4188298,39.653,-95.5704114,-94.9691715"
20007,"Barber County, KS","36.997961,37.471626,-99.0135568,-98.348575"
20009,"Barton County, KS","38.2603,38.697216,-99.0333709,-98.4808878"
20011,"Bourbon County, KS","37.6735626,38.037601,-95.0889428,-94.6140873"
20013,"Brown County, KS","39.65297,40.000463,-95.78897,-95.3397224"
20015,"Butler County, KS","37.476387,38.087929,-97.1536639,-96.5238269"
20017,"Chase County, KS","38.0857284,38.523979,-96.8425138,-96.3537979"
20019,"Chautauqua County, KS","36.998643,37.303272,-96.5281364,-95.9631268"
20021,"Cherokee County, KS","36.998665,37.341705,-95.0738528,-94.6176358"
20023,"Cheyenne County, KS","39.567753,40.003095,-102.0517562,-101.4102018"
20025,"Clark County, KS","36.999528,37.475075,-100.1067958,-99.5399036"
20027,"Clay County, KS","39.1319948,39.567787,-97.3711776,-96.9587156"
20029,"Cloud County, KS","39.307137,39.654579,-97.9304659,-97.3681788"
20031,"Coffey County, KS","38.038225,38.4341309,-95.9596329,-95.5075828"
20033,"Comanche County, KS","36.999221,37.38493,-99.5435098,-99.0006796"
20035,"Cowley County, KS","36.99886,37.476917,-97.1514209,-96.5261458"
20037,"Crawford County, KS","37.338417,37.6745417,-95.0887259,-94.6167888"
20039,"Decatur County, KS","39.567497,40.002172,-100.7412719,-100.1784321"
20041,"Dickinson County, KS","38.609287,39.1335404,-97.3736499,-96.8900419"
20043,"Doniphan County, KS","39.6240298,40.0000292,-95.3400648,-94.8588093"
20045,"Douglas County, KS","38.738483,39.0694807,-95.5018044,-95.05589"
20047,"Edwards County, KS","37.733906,38.087498,-99.5686869,-99.0136948"
20049,"Elk County, KS","37.299622,37.607933,-96.5266949,-95.9608609"
20051,"Ellis County, KS","38.696087,39.13393,-99.5982278,-99.0371549"
20053,"Ellsworth County, KS","38.521362,38.871712,-98.4867859,-97.9261549"
20055,"Finney County, KS","37.736412,38.263561,-101.1037574,-100.2254359"
20057,"Ford County, KS","37.468868,37.914986,-100.2275309,-99.5557329"
20059,"Franklin County, KS","38.389555,38.738868,-95.5087939,-95.0563411"
20061,"Geary County, KS","38.870072,39.2200852,-96.9637678,-96.5007628"
20063,"Gove County, KS","38.696583,39.1335004,-100.8167649,-100.1487808"
20065,"Graham County, KS","39.131828,39.56749,-100.1642069,-99.6019208"
20067,"Grant County, KS","37.388309,37.736973,-101.5270539,-101.0881198"
20069,"Gray County, KS","37.475716,38.0009561,-100.6651391,-100.2164538"
20071,"Greeley County, KS","38.2624833,38.700375,-102.0453545,-101.5669249"
20073,"Greenwood County, KS","37.603382,38.174072,-96.5255579,-95.9588419"
20075,"Hamilton County, KS","37.736435,38.263298,-102.0445105,-101.5255579"
20077,"Harper County, KS","36.997824,37.386696,-98.3503419,-97.8022978"
20079,"Harvey County, KS","37.912323,38.1745709,-97.7018236,-97.1525667"
20081,"Haskell County, KS","37.387756,37.736973,-101.0904238,-100.6518099"
20083,"Hodgeman County, KS","37.913815,38.2622958,-100.2272189,-99.5679319"
20085,"Jackson County, KS","39.2163046,39.653652,-96.0368579,-95.5640789"
20087,"Jefferson County, KS","39.0318939,39.4209323,-95.5993317,-95.1798546"
20089,"Jewell County, KS","39.567028,40.0024144,-98.5069048,-97.9300169"
20091,"Johnson County, KS","38.7375764,39.0616571,-95.056498,-94.6073819"
20093,"Kearny County, KS","37.736435,38.264008,-101.5405269,-101.0898628"
20095,"Kingman County, KS","37.385044,37.734535,-98.4667659,-97.8067779"
20097,"Kiowa County, KS","37.38237,37.73539,-99.5583718,-99.0135419"
20099,"Labette County, KS","36.999241,37.384357,-95.5236927,-95.0722854"
20101,"Lane County, KS","38.2623015,38.703697,-100.6882018,-100.2444208"
20103,"Leavenworth County, KS","38.9550584,39.4192304,-95.1878292,-94.7766401"
20105,"Lincoln County, KS","38.871292,39.219807,-98.4914468,-97.9281308"
20107,"Linn County, KS","38.0364456,38.389625,-95.0789178,-94.6124929"
20109,"Logan County, KS","38.700092,39.134636,-101.4849848,-100.8120878"
20111,"Lyon County, KS","38.170919,38.740215,-96.3575288,-95.9456609"
20113,"McPherson County, KS","38.17372,38.610218,-97.9262538,-97.3713239"
20115,"Marion County, KS","38.0857284,38.61002,-97.3719638,-96.8208008"
20117,"Marshall County, KS","39.565628,40.0015683,-96.8067241,-96.2381144"
20119,"Meade County, KS","36.999818,37.475838,-100.6520388,-100.0897978"
20121,"Miami County, KS","38.38879,38.7385836,-95.0659045,-94.6095071"
20123,"Mitchell County, KS","39.218948,39.567535,-98.4908448,-97.9268879"
20125,"Montgomery County, KS","36.999124,37.387131,-95.9652576,-95.5210269"
20127,"Morris County, KS","38.522625,38.871891,-96.9309008,-96.3532939"
20129,"Morton County, KS","36.993125,37.3891904,-102.0421269,-101.5552388"
20131,"Nemaha County, KS","39.565628,40.0009373,-96.2398219,-95.7880918"
20133,"Neosho County, KS","37.3838359,37.733219,-95.5262299,-95.0871959"
20135,"Ness County, KS","38.261414,38.697556,-100.2480769,-99.5846558"
20137,"Norton County, KS","39.566521,40.0018872,-100.1814119,-99.6253127"
20139,"Osage County, KS","38.433862,38.8699671,-95.9502819,-95.5004729"
20141,"Osborne County, KS","39.132782,39.568569,-99.0496829,-98.4866179"
20143,"Ottawa County, KS","38.958443,39.307335,-97.9296419,-97.3700258"
20145,"Pawnee County, KS","38.000351,38.348888,-99.5854028,-98.9135739"
20147,"Phillips County, KS","39.567162,40.002247,-99.6283488,-99.0670618"
20149,"Pottawatomie County, KS","39.1247357,39.56633,-96.7277424,-96.0355739"
20151,"Pratt County, KS","37.471004,37.826374,-99.0142209,-98.4661478"
20153,"Rawlins County, KS","39.568256,40.0027275,-101.4128418,-100.739866"
20155,"Reno County, KS","37.733467,38.1738097,-98.4740069,-97.6978379"
20157,"Republic County, KS","39.653923,40.0023932,-97.9303738,-97.3681788"
20159,"Rice County, KS","38.159161,38.522743,-98.4815979,-97.9212648"
20161,"Riley County, KS","39.0433186,39.5665082,-96.9615736,-96.3890429"
20163,"Rooks County, KS","39.132446,39.569069,-99.6054148,-99.0439758"
20165,"Rush County, KS","38.348434,38.696972,-99.5854028,-99.0331798"
20167,"Russell County, KS","38.695366,39.133438,-99.0404428,-98.4849238"
20169,"Saline County, KS","38.61002,38.959499,-97.9282299,-97.3719638"
20171,"Scott County, KS","38.262657,38.703697,-101.1292799,-100.6844559"
20173,"Sedgwick County, KS","37.47464,37.9128216,-97.8074719,-97.1514209"
20175,"Seward County, KS","36.9979379,37.388275,-101.0684199,-100.6337328"
20177,"Shawnee County, KS","38.86912,39.2167022,-96.0358614,-95.5007133"
20179,"Sheridan County, KS","39.131893,39.568459,-100.7215579,-100.1634518"
20181,"Sherman County, KS","39.132904,39.568565,-102.0497636,-101.3901598"
20183,"Smith County, KS","39.567429,40.0024262,-99.0672449,-98.5047115"
20185,"Stafford County, KS","37.825638,38.261417,-99.0225069,-98.4718089"
20187,"Stanton County, KS","37.388653,37.7385406,-102.0419898,-101.5244749"
20189,"Stevens County, KS","36.995414,37.388718,-101.5580898,-101.0671427"
20191,"Sumner County, KS","36.998682,37.476387,-97.8070138,-97.1467659"
20193,"Thomas County, KS","39.133053,39.568802,-101.3912808,-100.7201079"
20195,"Trego County, KS","38.696407,39.132858,-100.1542819,-99.5917659"
20197,"Wabaunsee County, KS","38.739106,39.2115325,-96.5013889,-95.9459239"
20199,"Wallace County, KS","38.6952386,39.134609,-102.0470474,-101.4778898"
20201,"Washington County, KS","39.5663977,40.002023,-97.3691152,-96.8060074"
20203,"Wichita County, KS","38.263046,38.700375,-101.5693509,-101.1254038"
20205,"Wilson County, KS","37.384483,37.734413,-95.9630358,-95.5261919"
20207,"Woodson County, KS","37.733219,38.040201,-95.9604489,-95.5189699"
20209,"Wyandotte County, KS","38.9916755,39.2032731,-94.9088364,-94.5882048"
21001,"Adair County, KY","36.925442,37.312031,-85.5270919,-85.0430369"
21003,"Allen County, KY","36.6286269,36.935486,-86.4191439,-85.9491199"
21005,"Anderson County, KY","37.886017,38.128799,-85.1700059,-84.7964859"
21007,"Ballard County, KY","36.9154595,37.229891,-89.1825089,-88.8158331"
21009,"Barren County, KY","36.722553,37.169395,-86.1762619,-85.7391659"
21011,"Bath County, KY","37.99268,38.3026858,-83.9786069,-83.4630509"
21013,"Bell County, KY","36.582581,36.955994,-83.9572369,-83.4590229"
21015,"Boone County, KY","38.777252,39.1477997,-84.895009,-84.5979689"
21017,"Bourbon County, KY","38.067014,38.371624,-84.4422839,-83.9694669"
21019,"Boyd County, KY","38.236031,38.505808,-82.8180539,-82.5718769"
21021,"Boyle County, KY","37.532196,37.717033,-85.0390929,-84.65174"
21023,"Bracken County, KY","38.54969,38.8274403,-84.2360441,-83.9040703"
21025,"Breathitt County, KY","37.330154,37.699944,-83.5803679,-82.9482419"
21027,"Breckinridge County, KY","37.561344,38.045757,-86.6781769,-86.1517179"
21029,"Bullitt County, KY","37.809975,38.118173,-85.9380089,-85.4290499"
21031,"Butler County, KY","36.999805,37.395298,-86.9454419,-86.3991929"
21033,"Caldwell County, KY","36.950756,37.3789981,-88.0948939,-87.6800492"
21035,"Calloway County, KY","36.496719,36.750454,-88.4892099,-88.0324889"
21037,"Campbell County, KY","38.8057885,39.1219351,-84.5061211,-84.231965"
21039,"Carlisle County, KY","36.7725,36.9533333,-89.1792289,-88.8089931"
21041,"Carroll County, KY","38.580345,38.7612585,-85.3331367,-84.9327599"
21043,"Carter County, KY","38.168411,38.503784,-83.3413389,-82.7710339"
21045,"Casey County, KY","37.102242,37.550838,-85.1649479,-84.7061999"
21047,"Christian County, KY","36.6370728,37.1591,-87.7336579,-87.2592389"
21049,"Clark County, KY","37.823158,38.115162,-84.3489739,-83.9664989"
21051,"Clay County, KY","36.937668,37.358273,-83.9689029,-83.5052409"
21053,"Clinton County, KY","36.616868,36.8880123,-85.2960729,-84.9885654"
21055,"Crittenden County, KY","37.129272,37.5471629,-88.3580354,-87.8003302"
21057,"Cumberland County, KY","36.6185299,36.938419,-85.6012119,-85.2147219"
21059,"Daviess County, KY","37.561104,37.9302,-87.4081039,-86.8167879"
21061,"Edmonson County, KY","37.05312,37.340862,-86.4687189,-86.0489579"
21063,"Elliott County, KY","37.998363,38.266884,-83.2707669,-82.8885039"
21065,"Estill County, KY","37.54319,37.8531265,-84.1270829,-83.7224729"
21067,"Fayette County, KY","37.845475,38.211404,-84.6604149,-84.2827149"
21069,"Fleming County, KY","38.1709249,38.525459,-83.9845429,-83.4526749"
21071,"Floyd County, KY","37.284958,37.756153,-82.9450299,-82.5638349"
21073,"Franklin County, KY","38.093365,38.374847,-85.0237269,-84.7252268"
21075,"Fulton County, KY","36.4974534,36.650416,-89.5715089,-88.8346259"
21077,"Gallatin County, KY","38.6625594,38.8595448,-85.0231646,-84.6600269"
21079,"Garrard County, KY","37.472725,37.830351,-84.7457761,-84.3478239"
21081,"Grant County, KY","38.473019,38.803749,-84.7857209,-84.4767839"
21083,"Graves County, KY","36.501068,36.946957,-88.819722,-88.4843899"
21085,"Grayson County, KY","37.320812,37.622437,-86.6684879,-86.0189969"
21087,"Green County, KY","37.109348,37.471046,-85.6972499,-85.3532259"
21089,"Greenup County, KY","38.373802,38.7565188,-83.1669309,-82.6655479"
21091,"Hancock County, KY","37.654957,37.999392,-86.9878159,-86.6224979"
21093,"Hardin County, KY","37.440109,38.006602,-86.2753749,-85.6809309"
21095,"Harlan County, KY","36.664785,37.020973,-83.5117949,-82.8557049"
21097,"Harrison County, KY","38.277805,38.582058,-84.5562739,-84.1026801"
21099,"Hart County, KY","37.148109,37.449932,-86.1575009,-85.6511539"
21101,"Henderson County, KY","37.638275,37.976042,-87.9270781,-87.2714389"
21103,"Henry County, KY","38.335365,38.5967707,-85.3459779,-84.8668376"
21105,"Hickman County, KY","36.502914,36.7966667,-89.2010469,-88.8130554"
21107,"Hopkins County, KY","37.105164,37.569984,-87.8518292,-87.2957529"
21109,"Jackson County, KY","37.250351,37.581585,-84.2056499,-83.7817459"
21111,"Jefferson County, KY","38.165377,38.177886,-85.8785049,-85.8630979"
21113,"Jessamine County, KY","37.7285312,38.003787,-84.7245523,-84.4343359"
21115,"Johnson County, KY","37.703182,38.000801,-83.0047759,-82.6126709"
21117,"Kenton County, KY","38.789917,39.0999244,-84.6237027,-84.4174866"
21119,"Knott County, KY","37.172447,37.526058,-83.1348419,-82.7109529"
21121,"Knox County, KY","36.687195,37.054893,-84.0924069,-83.5660709"
21123,"Larue County, KY","37.422054,37.732071,-85.8942639,-85.4663309"
21125,"Laurel County, KY","36.938957,37.335934,-84.3684459,-83.8625489"
21127,"Lawrence County, KY","37.879456,38.268875,-83.0254289,-82.4640669"
21129,"Lee County, KY","37.486866,37.717628,-83.9054259,-83.5226289"
21131,"Leslie County, KY","36.883053,37.320576,-83.5559229,-83.1648709"
21133,"Letcher County, KY","36.954128,37.271385,-83.1540679,-82.5653289"
21135,"Lewis County, KY","38.318737,38.725531,-83.6450721,-83.0243679"
21137,"Lincoln County, KY","37.238335,37.6343165,-84.8603969,-84.4472729"
21139,"Livingston County, KY","36.982147,37.425216,-88.5662824,-88.1864699"
21141,"Logan County, KY","36.643225,37.073574,-87.0603161,-86.6115109"
21143,"Lyon County, KY","36.867416,37.179466,-88.2402039,-87.8769989"
21145,"McCracken County, KY","36.941875,37.2279355,-88.9346601,-88.4828639"
21147,"McCreary County, KY","36.591882,36.962566,-84.7782687,-84.2286609"
21149,"McLean County, KY","37.380516,37.683266,-87.4996489,-87.0385589"
21151,"Madison County, KY","37.515621,37.9174773,-84.5259019,-84.0738747"
21153,"Magoffin County, KY","37.486515,37.894642,-83.2710489,-82.8779069"
21155,"Marion County, KY","37.412247,37.7306616,-85.5214389,-85.0298389"
21157,"Marshall County, KY","36.747314,37.065979,-88.4857029,-88.1115489"
21159,"Martin County, KY","37.668854,37.962837,-82.6745449,-82.3107769"
21161,"Mason County, KY","38.456459,38.7679689,-83.9914629,-83.6247249"
21163,"Meade County, KY","37.798916,38.1967278,-86.4906848,-85.9757229"
21165,"Menifee County, KY","37.818398,38.058865,-83.7755279,-83.4336929"
21167,"Mercer County, KY","37.678711,37.969975,-85.0311509,-84.6881328"
21169,"Metcalfe County, KY","36.818687,37.182198,-85.7770609,-85.4418029"
21171,"Monroe County, KY","36.614994,36.841614,-85.9770359,-85.4363325"
21173,"Montgomery County, KY","37.903248,38.192364,-84.0802379,-83.7558209"
21175,"Morgan County, KY","37.712608,38.115597,-83.4988099,-82.9609989"
21177,"Muhlenberg County, KY","37.040894,37.415684,-87.3885879,-86.8815459"
21179,"Nelson County, KY","37.522774,37.990562,-85.7425079,-85.1506419"
21181,"Nicholas County, KY","38.192364,38.4605088,-84.1938629,-83.8335419"
21183,"Ohio County, KY","37.212326,37.737713,-87.1376419,-86.5762409"
21185,"Oldham County, KY","38.285296,38.5219071,-85.6285168,-85.2828139"
21187,"Owen County, KY","38.33844,38.7246262,-85.0760499,-84.5806268"
21189,"Owsley County, KY","37.256119,37.541279,-83.8882219,-83.5213319"
21191,"Pendleton County, KY","38.529526,38.8746992,-84.5317609,-84.1952969"
21193,"Perry County, KY","36.992306,37.443771,-83.5540239,-83.0009609"
21195,"Pike County, KY","37.196118,37.745384,-82.7322919,-81.9645412"
21197,"Powell County, KY","37.716106,37.933746,-84.0278169,-83.6312639"
21199,"Pulaski County, KY","36.869648,37.355495,-84.9069059,-84.2787019"
21201,"Robertson County, KY","38.4179364,38.6085545,-84.1839198,-83.9300459"
21203,"Rockcastle County, KY","37.151382,37.539997,-84.5033109,-84.1294479"
21205,"Rowan County, KY","38.017178,38.396652,-83.6351321,-83.1992259"
21207,"Russell County, KY","36.827198,37.186024,-85.2749709,-84.8355939"
21209,"Scott County, KY","38.113182,38.49279,-84.7399979,-84.4018249"
21211,"Shelby County, KY","38.036602,38.357956,-85.4671309,-84.9567029"
21213,"Simpson County, KY","36.633472,36.882961,-86.7628884,-86.4006039"
21215,"Spencer County, KY","37.939743,38.147474,-85.5168909,-85.1020359"
21217,"Taylor County, KY","37.192234,37.482899,-85.5869059,-85.0735019"
21219,"Todd County, KY","36.6415429,37.07251,-87.335697,-87.0504299"
21221,"Trigg County, KY","36.6347511,37.002094,-88.1577449,-87.6599959"
21223,"Trimble County, KY","38.492615,38.7370666,-85.4569046,-85.1685179"
21225,"Union County, KY","37.4697653,37.9017221,-88.1601869,-87.7342379"
21227,"Warren County, KY","36.77631,37.190479,-86.6743319,-86.1135709"
21229,"Washington County, KY","37.63089,37.915665,-85.4014727,-85.0004349"
21231,"Wayne County, KY","36.6032046,36.997822,-85.0640109,-84.5758439"
21233,"Webster County, KY","37.3503131,37.647861,-87.9439256,-87.3749919"
21235,"Whitley County, KY","36.5877579,36.972424,-84.3561329,-83.8776929"
21237,"Wolfe County, KY","37.619183,37.861286,-83.7079239,-83.2423779"
21239,"Woodford County, KY","37.8470957,38.195263,-84.8657229,-84.6248829"
22001,"Acadia Parish, LA","30.052727,30.482738,-92.6304548,-92.1418908"
22003,"Allen Parish, LA","30.425694,30.898687,-93.1317139,-92.5844038"
22005,"Ascension Parish, LA","30.062733,30.3465839,-91.1069258,-90.6323318"
22007,"Assumption Parish, LA","29.626368,30.081902,-91.2603378,-90.8853068"
22009,"Avoyelles Parish, LA","30.847645,31.343952,-92.2811428,-91.6776578"
22011,"Beauregard Parish, LA","30.4031265,30.884676,-93.7408828,-92.9760058"
22013,"Bienville Parish, LA","32.147995,32.58625,-93.4302058,-92.7732538"
22015,"Bossier Parish, LA","32.235832,33.0194557,-93.8439329,-93.3729248"
22017,"Caddo Parish, LA","32.195728,33.019372,-94.0431468,-93.4712828"
22019,"Calcasieu Parish, LA","30.0400114,30.4907325,-93.7660902,-92.8891595"
22021,"Caldwell Parish, LA","31.927004,32.27766,-92.3129118,-91.8668058"
22023,"Cameron Parish, LA","29.527129,30.0550601,-93.9292079,-92.6136789"
22025,"Catahoula Parish, LA","31.221046,31.972298,-92.0237348,-91.5356598"
22027,"Claiborne Parish, LA","32.583763,33.0183229,-93.2396062,-92.7246089"
22029,"Concordia Parish, LA","30.9703374,31.762226,-91.8676068,-91.378594"
22031,"De Soto Parish, LA","31.845392,32.346386,-94.0430758,-93.3532028"
22033,"East Baton Rouge Parish, LA","30.31271,30.719763,-91.3163808,-90.8451078"
22035,"East Carroll Parish, LA","32.537571,33.0050394,-91.4576948,-91.0029619"
22037,"East Feliciana Parish, LA","30.6475313,30.99963,-91.3207826,-90.8260269"
22039,"Evangeline Parish, LA","30.481764,31.003284,-92.6305008,-92.1693878"
22041,"Franklin Parish, LA","31.872292,32.406422,-91.9304958,-91.4507368"
22043,"Grant Parish, LA","31.388031,31.797747,-92.9647218,-92.1967468"
22045,"Iberia Parish, LA","29.358942,30.122772,-92.0456159,-91.2222138"
22047,"Iberville Parish, LA","30.025621,30.4975875,-91.7012455,-91.0212858"
22049,"Jackson Parish, LA","32.148308,32.496998,-92.8206628,-92.3113628"
22051,"Jefferson Parish, LA","29.094648,30.230598,-90.2806778,-89.8996639"
22053,"Jefferson Davis Parish, LA","30.037323,30.489616,-93.1319576,-92.5885238"
22055,"Lafayette Parish, LA","30.036918,30.380138,-92.2852708,-91.9056548"
22057,"Lafourche Parish, LA","28.99534,29.922407,-91.0067428,-89.9989469"
22059,"La Salle Parish, LA","31.323158,31.928286,-92.3829498,-92.0056458"
22061,"Lincoln Parish, LA","32.45372,32.760342,-92.8809588,-92.4132228"
22063,"Livingston Parish, LA","30.174959,30.650631,-90.9901888,-90.4015658"
22065,"Madison Parish, LA","32.1908919,32.5627155,-91.5570138,-90.9007199"
22067,"Morehouse Parish, LA","32.507725,33.0089427,-92.0857088,-91.4377385"
22069,"Natchitoches Parish, LA","31.346766,32.148773,-93.4418028,-92.7190478"
22071,"Orleans Parish, LA","29.8654829,30.1994687,-90.1400298,-89.6251761"
22073,"Ouachita Parish, LA","32.263077,32.722961,-92.4155428,-91.9069898"
22075,"Plaquemines Parish, LA","28.855127,29.9042112,-90.0756829,-88.8792349"
22077,"Pointe Coupee Parish, LA","30.4824713,31.020175,-91.8202058,-91.30968"
22079,"Rapides Parish, LA","30.892014,31.517929,-92.9817348,-92.0723498"
22081,"Red River Parish, LA","31.888456,32.237774,-93.6148988,-93.1212838"
22083,"Richland Parish, LA","32.154625,32.669632,-92.0345918,-91.4310298"
22085,"Sabine Parish, LA","31.167257,31.846031,-93.881582,-93.2361448"
22087,"St. Bernard Parish, LA","29.617551,30.212155,-90.0118969,-88.7583879"
22089,"St. Charles Parish, LA","29.692028,30.230598,-90.5496748,-90.1673508"
22091,"St. Helena Parish, LA","30.649939,30.999733,-90.9104158,-90.5657879"
22093,"St. James Parish, LA","29.889486,30.166325,-90.9636458,-90.6418838"
22095,"St. John the Baptist Parish, LA","29.88341,30.298779,-90.6891168,-90.2775568"
22097,"St. Landry Parish, LA","30.299126,30.850279,-92.4941858,-91.6791148"
22099,"St. Martin Parish, LA","29.698574,30.4979995,-91.9893188,-91.0896838"
22101,"St. Mary Parish, LA","29.239606,29.955992,-91.9352859,-91.0826018"
22103,"St. Tammany Parish, LA","30.1389906,30.712402,-90.2566828,-89.4949729"
22105,"Tangipahoa Parish, LA","30.22472,31.0005501,-90.5674288,-90.2432858"
22107,"Tensas Parish, LA","31.7324047,32.249531,-91.5804748,-91.0299405"
22109,"Terrebonne Parish, LA","28.985911,29.778008,-91.3542719,-90.3765729"
22111,"Union Parish, LA","32.58144,33.014744,-92.7340998,-92.0519028"
22113,"Vermilion Parish, LA","29.481496,30.147657,-92.7386038,-91.9644578"
22115,"Vernon Parish, LA","30.861683,31.367067,-93.5788878,-92.8240508"
22117,"Washington Parish, LA","30.662787,31.0049363,-90.3473573,-89.7265722"
22119,"Webster Parish, LA","32.409897,33.0186947,-93.5335768,-93.1466448"
22121,"West Baton Rouge Parish, LA","30.323744,30.6578124,-91.4852598,-91.1418838"
22123,"West Carroll Parish, LA","32.581795,33.006099,-91.6390228,-91.2605078"
22125,"West Feliciana Parish, LA","30.652315,31.049534,-91.7500273,-91.1762089"
22127,"Winn Parish, LA","31.709635,32.149067,-92.9741898,-92.3113628"
23001,"Androscoggin County, ME","43.90657,44.487072,-70.4851379,-69.9937738"
23003,"Aroostook County, ME","45.572632,47.4598397,-70.022896,-67.7506285"
23005,"Cumberland County, ME","43.526333,44.171036,-70.8668289,-69.8570719"
23007,"Franklin County, ME","44.459194,45.6679061,-70.8357118,-69.9281688"
23009,"Hancock County, ME","44.09713,45.255291,-68.8468089,-67.9616127"
23011,"Kennebec County, ME","44.108219,44.720406,-70.1320799,-69.3724209"
23013,"Knox County, ME","43.816967,44.364841,-69.4516138,-68.5967028"
23015,"Lincoln County, ME","43.699814,44.34272,-69.8126847,-69.2311206"
23017,"Oxford County, ME","43.784985,45.3476783,-71.0841693,-70.2391589"
23019,"Penobscot County, ME","44.644062,46.395756,-69.3559798,-67.9391628"
23021,"Piscataquis County, ME","45.011005,46.573624,-69.8246989,-68.7761079"
23023,"Sagadahoc County, ME","43.634235,44.1680976,-70.0520249,-69.6647449"
23025,"Somerset County, ME","44.577319,46.5749285,-70.552873,-69.2673949"
23027,"Waldo County, ME","44.2034972,44.754528,-69.5073928,-68.7929536"
23029,"Washington County, ME","44.394078,45.6892439,-68.1061169,-66.9281487"
23031,"York County, ME","42.9222206,43.814278,-70.9891219,-70.2475598"
24001,"Allegany County, MD","39.4381317,39.7229331,-79.0669955,-78.3133091"
24003,"Anne Arundel County, MD","38.7092515,39.2372703,-76.8404366,-76.3485792"
24005,"Baltimore County, MD","38.7903391,40.0703391,-77.2468913,-75.9668913"
24009,"Calvert County, MD","38.3057381,38.7692981,-76.7020071,-76.3217197"
24011,"Caroline County, MD","38.6353837,39.1434746,-76.0150003,-75.7074967"
24013,"Carroll County, MD","39.3484218,39.7206288,-77.311635,-76.7872586"
24015,"Cecil County, MD","39.3607145,39.7221284,-76.2329068,-75.7666385"
24017,"Charles County, MD","38.1715119,38.7072682,-77.323526,-76.6624789"
24019,"Dorchester County, MD","38.0589516,38.7040859,-76.4366559,-75.7015712"
24021,"Frederick County, MD","39.2196144,39.720028,-77.6773621,-77.106725"
24023,"Garrett County, MD","39.2019282,39.7228437,-79.4871911,-78.9137761"
24025,"Harford County, MD","39.2580093,39.7212078,-76.5692366,-76.0356403"
24027,"Howard County, MD","39.1031374,39.3695356,-77.186977,-76.6963569"
24029,"Kent County, MD","38.9902203,39.4054487,-76.3511352,-75.7559682"
24031,"Montgomery County, MD","38.9342795,39.354324,-77.5273759,-76.8883606"
24033,"Prince George's County, MD","38.5354768,39.1317699,-77.0829986,-76.6692876"
24035,"Queen Anne's County, MD","38.8034458,39.2619412,-76.4418765,-75.7477888"
24037,"St. Mary's County, MD","37.8895185,38.5137064,-76.8743509,-76.199668"
24039,"Somerset County, MD","37.8856427,38.299041,-76.2364114,-75.5395837"
24041,"Talbot County, MD","38.5705719,38.9450329,-76.4598455,-75.8959453"
24043,"Washington County, MD","39.318292,39.7225277,-78.3633134,-77.4688746"
24045,"Wicomico County, MD","38.215803,38.5606646,-75.9437321,-75.3066908"
24047,"Worcester County, MD","37.9943011,38.4520008,-75.6617691,-74.9851722"
24510,"Baltimore city, MD","39.279184,39.279284,-76.5717318,-76.5716318"
25001,"Barnstable County, MA","41.4804435,42.1336459,-70.7606312,-69.8601041"
25003,"Berkshire County, MA","42.0398159,42.74594,-73.5081419,-72.949439"
25005,"Bristol County, MA","41.4111505,42.0955392,-71.3816999,-70.756027"
25007,"Dukes County, MA","41.1988894,41.5621791,-71.0409388,-70.3251695"
25009,"Essex County, MA","42.3842851,42.8867135,-71.2561697,-70.4990052"
25011,"Franklin County, MA","42.3032833,42.741133,-73.0229029,-72.2249429"
25013,"Hampden County, MA","41.9976854,42.3438752,-73.0750863,-72.1349321"
25015,"Hampshire County, MA","42.1833902,42.555931,-73.0685748,-72.2033159"
25017,"Middlesex County, MA","42.156311,42.736592,-71.8987718,-71.0197829"
25019,"Nantucket County, MA","41.1888589,41.4433863,-70.3973558,-69.8936438"
25021,"Norfolk County, MA","41.9849366,42.3281174,-71.5031011,-70.7384337"
25023,"Plymouth County, MA","41.5665119,42.3350814,-71.080484,-70.4560543"
25025,"Suffolk County, MA","42.227654,42.449814,-71.1912599,-70.804488"
25027,"Worcester County, MA","42.00807,42.7216087,-72.3149109,-71.4778439"
26001,"Alcona County, MI","44.508799,44.8595259,-83.8892438,-83.2695604"
26003,"Alger County, MI","46.157757,46.6906395,-87.1165173,-85.8640438"
26005,"Allegan County, MI","42.4189355,42.7689253,-86.2744063,-85.5430498"
26007,"Alpena County, MI","44.8565485,45.2081009,-83.8884534,-83.1903212"
26009,"Antrim County, MI","44.814381,45.2079393,-85.4442589,-84.8477682"
26011,"Arenac County, MI","43.9104589,44.163514,-84.1667439,-83.4267652"
26013,"Baraga County, MI","46.418903,46.9671144,-88.6819988,-87.9917598"
26015,"Barry County, MI","36.498717,36.933636,-94.0761079,-93.5739748"
26017,"Bay County, MI","43.4786236,43.997061,-84.1681217,-83.6988111"
26019,"Benzie County, MI","44.511703,44.7777373,-86.2592035,-85.8159708"
26021,"Berrien County, MI","41.7595136,42.24532,-86.8256931,-86.2228971"
26023,"Branch County, MI","41.759366,42.073433,-85.2936168,-84.8242406"
26025,"Calhoun County, MI","42.0703777,42.422054,-85.2979199,-84.7095193"
26027,"Cass County, MI","46.27697,47.479656,-94.7856448,-93.7693938"
26029,"Charlevoix County, MI","45.1155624,45.8415706,-85.8461281,-84.7318302"
26031,"Cheboygan County, MI","45.198391,45.7886166,-84.7341078,-84.2475873"
26033,"Chippewa County, MI","45.9121647,46.7731913,-85.2415543,-83.4726517"
26035,"Clare County, MI","43.8123668,44.163128,-85.0889658,-84.6061398"
26037,"Clinton County, MI","39.453526,39.7473084,-94.6059038,-94.2098458"
26039,"Crawford County, MI","37.698269,38.216431,-91.5360178,-91.0925058"
26041,"Delta County, MI","45.4773321,46.1590711,-87.3708878,-86.4615708"
26043,"Dickinson County, MI","45.721695,46.247551,-88.1362119,-87.6186828"
26045,"Eaton County, MI","42.42086,42.77116,-85.0745008,-84.6025461"
26047,"Emmet County, MI","45.270229,45.7895503,-85.1203066,-84.7314298"
26049,"Genesee County, MI","42.780821,43.223131,-83.9320665,-83.4532969"
26051,"Gladwin County, MI","43.813561,44.161788,-84.6101148,-84.1659038"
26053,"Gogebic County, MI","46.0960844,46.7678781,-90.4185347,-88.9878106"
26055,"Grand Traverse County, MI","44.511635,45.0005467,-85.8205408,-85.3317028"
26057,"Gratiot County, MI","43.117161,43.4659779,-84.8472208,-84.3681408"
26059,"Hillsdale County, MI","41.696089,42.073678,-84.8267725,-84.3604062"
26061,"Houghton County, MI","46.4174488,47.286097,-88.9923935,-88.2272776"
26063,"Huron County, MI","43.667621,44.0702269,-83.4962822,-82.6046852"
26065,"Ingham County, MI","42.4214557,42.776639,-84.6038741,-84.1406009"
26067,"Ionia County, MI","42.769398,43.120823,-85.3135908,-84.8376308"
26069,"Iosco County, MI","44.161684,44.511759,-83.8866338,-83.3160057"
26071,"Iron County, MI","37.273071,37.743568,-91.1538308,-90.5348969"
26073,"Isabella County, MI","43.46563,43.815773,-85.0894009,-84.6073608"
26075,"Jackson County, MI","38.832294,39.237083,-94.6082181,-94.1090998"
26077,"Kalamazoo County, MI","42.069801,42.4215507,-85.7653878,-85.2927548"
26079,"Kalkaska County, MI","44.509697,44.858395,-85.3362958,-84.8477682"
26081,"Kent County, MI","42.7680951,43.2942868,-85.7906647,-85.3109508"
26083,"Keweenaw County, MI","47.199782,48.306063,-89.3598218,-87.5855112"
26085,"Lake County, MI","46.9396536,48.206,-91.8025739,-91.0245969"
26087,"Lapeer County, MI","42.880432,43.327049,-83.4607438,-82.9836468"
26089,"Leelanau County, MI","44.7729627,45.4914405,-86.1564334,-85.5268429"
26091,"Lenawee County, MI","41.706651,42.08243,-84.3634971,-83.7631479"
26093,"Livingston County, MI","42.423904,42.783263,-84.1581889,-83.6648079"
26095,"Luce County, MI","46.244743,46.7551507,-85.8652108,-85.2367708"
26097,"Mackinac County, MI","45.7193906,46.24543,-85.8652109,-84.1130542"
26099,"Macomb County, MI","42.4470589,42.897541,-83.1028909,-82.7059659"
26101,"Manistee County, MI","44.163429,44.5186409,-86.3881699,-85.8201898"
26103,"Marquette County, MI","45.984097,46.9666042,-88.1184918,-87.1160994"
26105,"Mason County, MI","43.8141133,44.1796703,-86.5154032,-86.0379708"
26107,"Mecosta County, MI","43.4660871,43.8143541,-85.5643672,-85.0846558"
26109,"Menominee County, MI","45.094689,45.985237,-87.8882359,-87.2636703"
26111,"Midland County, MI","43.465782,43.8284347,-84.6083978,-84.1553833"
26113,"Missaukee County, MI","44.16048,44.512016,-85.3378138,-84.8533478"
26115,"Monroe County, MI","41.723546,42.0943936,-83.7739219,-83.1889269"
26117,"Montcalm County, MI","43.118202,43.4674038,-85.5642522,-84.8371578"
26119,"Montmorency County, MI","44.855221,45.2020068,-84.3729248,-83.8805688"
26121,"Muskegon County, MI","43.1178164,43.4724899,-86.4617855,-85.790448"
26123,"Newaygo County, MI","43.2910613,43.8143541,-86.0409672,-85.5629552"
26125,"Oakland County, MI","42.431179,42.888647,-83.6894379,-83.0833771"
26127,"Oceana County, MI","43.4673478,43.818952,-86.5416211,-86.0385262"
26129,"Ogemaw County, MI","44.161289,44.508973,-84.3729858,-83.8831828"
26131,"Ontonagon County, MI","46.3303788,47.0289132,-89.8853851,-88.8637386"
26133,"Osceola County, MI","43.8123668,44.165516,-85.5643672,-85.0867158"
26135,"Oscoda County, MI","44.505894,44.8566283,-84.3734128,-83.8866338"
26137,"Otsego County, MI","44.856052,45.201946,-84.86072,-84.3698268"
26139,"Ottawa County, MI","42.7675202,43.2058791,-86.2717195,-85.7820968"
26141,"Presque Isle County, MI","45.198391,45.6408234,-84.2507849,-83.380777"
26143,"Roscommon County, MI","44.159485,44.512203,-84.8567198,-84.3678818"
26145,"Saginaw County, MI","43.1287413,43.5688995,-84.3705443,-83.6952029"
26147,"St. Clair County, MI","42.477778,43.168946,-82.9962569,-82.4134739"
26149,"St. Joseph County, MI","41.759049,42.071716,-85.7885128,-85.2913612"
26151,"Sanilac County, MI","43.154099,43.690439,-83.1203958,-82.5031629"
26153,"Schoolcraft County, MI","45.7569188,46.505463,-86.6155404,-85.8640438"
26155,"Shiawassee County, MI","42.7723423,43.132782,-84.3686581,-83.9225158"
26157,"Tuscola County, MI","43.221422,43.7341483,-83.6996228,-83.1059488"
26159,"Van Buren County, MI","42.068623,42.4206605,-86.3630692,-85.7638238"
26161,"Washtenaw County, MI","42.071577,42.4351837,-84.1340789,-83.5393959"
26163,"Wayne County, MI","42.02793,42.451557,-83.5518732,-82.7499079"
26165,"Wexford County, MI","44.163345,44.512379,-85.8212198,-85.3349814"
27001,"Aitkin County, MN","46.154057,47.031593,-93.8114169,-93.0494839"
27003,"Anoka County, MN","45.0353808,45.4146131,-93.5127114,-93.0195093"
27005,"Becker County, MN","46.717789,47.154209,-96.1955489,-95.1626818"
27007,"Beltrami County, MN","47.410271,48.542343,-95.6026759,-94.4159619"
27009,"Benton County, MN","45.5591135,45.8241743,-94.3532028,-93.758667"
27011,"Big Stone County, MN","45.179989,45.586388,-96.835136,-96.1033399"
27013,"Blue Earth County, MN","43.849972,44.2640564,-94.3710629,-93.7678829"
27015,"Brown County, MN","44.108883,44.4951734,-95.1062008,-94.3672408"
27017,"Carlton County, MN","46.41722,46.7687371,-93.0612329,-92.2915969"
27019,"Carver County, MN","44.6353,44.979557,-94.0136109,-93.5204565"
27021,"Cass County, MN","46.27697,47.479656,-94.7856448,-93.7693938"
27023,"Chippewa County, MN","44.753136,45.153675,-96.0371698,-95.2455599"
27025,"Chisago County, MN","45.29604,45.7317282,-93.1408538,-92.6465049"
27027,"Clay County, MN","46.628653,47.152241,-96.8412466,-96.1729128"
27029,"Clearwater County, MN","47.149643,48.021877,-95.5825198,-95.1693728"
27031,"Cook County, MN","47.4628317,48.2459444,-91.0310832,-89.4918111"
27033,"Cottonwood County, MN","43.84964,44.197037,-95.4632799,-94.8583369"
27035,"Crow Wing County, MN","46.155106,46.805992,-94.3944018,-93.7759928"
27037,"Dakota County, MN","44.472866,44.92327,-93.3295889,-92.7339494"
27039,"Dodge County, MN","43.8486007,44.19846,-93.0462948,-92.6779858"
27041,"Douglas County, MN","45.759987,46.107971,-95.7693098,-95.1387788"
27043,"Faribault County, MN","43.4996188,43.850636,-94.2490062,-93.6480028"
27045,"Fillmore County, MN","43.5003789,43.850281,-92.4508725,-91.7304529"
27047,"Freeborn County, MN","43.4994288,43.85178,-93.6486344,-93.050359"
27049,"Goodhue County, MN","44.1948492,44.7149422,-93.0406188,-92.2437113"
27051,"Grant County, MN","45.759987,46.109035,-96.2667469,-95.7594449"
27053,"Hennepin County, MN","44.78738,45.2465507,-93.7701949,-93.176883"
27055,"Houston County, MN","43.500488,43.850968,-91.7305398,-91.2173529"
27057,"Hubbard County, MN","46.804138,47.412361,-95.1827468,-94.6553959"
27059,"Isanti County, MN","45.4119109,45.733532,-93.5132829,-93.0195093"
27061,"Itasca County, MN","47.026306,47.902191,-94.4201658,-93.0560149"
27063,"Jackson County, MN","43.5002021,43.85078,-95.4547043,-94.8550638"
27065,"Kanabec County, MN","45.731224,46.16114,-93.5211868,-93.0512239"
27067,"Kandiyohi County, MN","44.892467,45.414005,-95.2549058,-94.7575988"
27069,"Kittson County, MN","48.543793,49.000495,-97.2392617,-96.3869929"
27071,"Koochiching County, MN","47.846035,48.7119444,-94.4317319,-93.0803678"
27073,"Lac qui Parle County, MN","44.8055722,45.269466,-96.4529488,-95.7363199"
27075,"Lake County, MN","46.9396536,48.206,-91.8025739,-91.0245969"
27077,"Lake of the Woods County, MN","48.369064,49.3844901,-95.3426058,-94.4311138"
27079,"Le Sueur County, MN","44.19714,44.546612,-94.0264978,-93.5250849"
27081,"Lincoln County, MN","44.198395,44.6316691,-96.4527928,-96.0746609"
27083,"Lyon County, MN","44.196442,44.630966,-96.0932538,-95.5920788"
27085,"McLeod County, MN","44.630028,44.981148,-94.4999078,-94.0084529"
27087,"Mahnomen County, MN","47.15094,47.501675,-96.0682908,-95.5464399"
27089,"Marshall County, MN","48.17292,48.5451401,-97.1640921,-95.5921169"
27091,"Martin County, MN","43.500123,43.850136,-94.8575958,-94.2480319"
27093,"Meeker County, MN","44.892925,45.327202,-94.7621379,-94.2543789"
27095,"Mille Lacs County, MN","45.5595075,46.244274,-93.8107148,-93.4280398"
27097,"Morrison County, MN","45.775826,46.346313,-94.6518628,-93.7637984"
27099,"Mower County, MN","43.4996861,43.85178,-93.0504989,-92.4490346"
27101,"Murray County, MN","43.8490026,44.198692,-96.0653207,-95.4622038"
27103,"Nicollet County, MN","44.156178,44.458828,-94.7917249,-93.9283518"
27105,"Nobles County, MN","43.4999348,43.850754,-96.05319,-95.4526819"
27107,"Norman County, MN","47.1518559,47.50132,-96.8717679,-96.0678858"
27109,"Olmsted County, MN","43.8338592,44.1955011,-92.6893617,-92.0789368"
27111,"Otter Tail County, MN","46.107246,46.719902,-96.2827148,-95.1454089"
27113,"Pennington County, MN","47.933426,48.174252,-96.5050278,-95.5817029"
27115,"Pine County, MN","45.731224,46.4184223,-93.1408539,-92.2927819"
27117,"Pipestone County, MN","43.8490026,44.199295,-96.4534048,-96.0627899"
27119,"Polk County, MN","47.4999885,48.1754639,-97.1471859,-95.5498498"
27121,"Pope County, MN","45.412163,45.760223,-95.7594449,-95.1318889"
27123,"Ramsey County, MN","44.8872811,45.124533,-93.2276959,-92.9841804"
27125,"Red Lake County, MN","47.760296,47.965931,-96.4845958,-95.7117309"
27127,"Redwood County, MN","44.196442,44.699284,-95.5938419,-94.8622026"
27129,"Renville County, MN","44.456638,44.894192,-95.4816128,-94.4947738"
27131,"Rice County, MN","44.197826,44.546612,-93.5258638,-93.0405578"
27133,"Rock County, MN","43.5000913,43.849604,-96.4534078,-96.0525647"
27135,"Roseau County, MN","48.540524,48.9998604,-96.4066312,-95.0928878"
27137,"St. Louis County, MN","46.6491584,48.6315556,-93.0966419,-91.7893219"
27139,"Scott County, MN","44.544621,44.813927,-93.9116519,-93.2782209"
27141,"Sherburne County, MN","45.2458788,45.5599907,-94.1490599,-93.5099089"
27143,"Sibley County, MN","44.456638,44.71944,-94.6277688,-93.7665179"
27145,"Stearns County, MN","45.283615,45.7770688,-95.1397858,-94.0481201"
27147,"Steele County, MN","43.849773,44.19846,-93.4057079,-93.0460589"
27149,"Stevens County, MN","45.412216,45.760906,-96.2542418,-95.7450938"
27151,"Swift County, MN","45.152496,45.413258,-96.1184998,-95.2455599"
27153,"Todd County, MN","45.774395,46.370777,-95.1563338,-94.6418608"
27155,"Traverse County, MN","45.5858503,46.0228213,-96.8577509,-96.2535478"
27157,"Wabasha County, MN","44.1065259,44.456142,-92.5517199,-91.8602403"
27159,"Wadena County, MN","46.369751,46.807209,-95.1642458,-94.7311778"
27161,"Waseca County, MN","43.849773,44.198315,-93.7690278,-93.4045938"
27163,"Washington County, MN","44.7377382,45.2968641,-93.0220528,-92.7395278"
27165,"Watonwan County, MN","43.849247,44.109806,-94.8614199,-94.3693239"
27167,"Wilkin County, MN","46.022503,46.630795,-96.7913245,-96.2655719"
27169,"Winona County, MN","43.8471083,44.194843,-92.0804518,-91.2888406"
27171,"Wright County, MN","44.978889,45.4239871,-94.2631215,-93.5148997"
27173,"Yellow Medicine County, MN","44.543282,44.93679,-96.4518878,-95.3567049"
28001,"Adams County, MS","31.19127,31.7498168,-91.6550089,-91.1540365"
28003,"Alcorn County, MS","34.7554917,34.996052,-88.8247529,-88.3635284"
28005,"Amite County, MS","30.9991602,31.349407,-91.0954147,-90.5498579"
28007,"Attala County, MS","32.8794079,33.2857902,-89.9662655,-89.3166443"
28009,"Benton County, MS","34.585705,34.994956,-89.3541639,-89.0168989"
28011,"Bolivar County, MS","33.5287093,34.121449,-91.2325369,-90.6570359"
28013,"Calhoun County, MS","33.7222599,34.165462,-89.5087429,-89.1371689"
28015,"Carroll County, MS","33.2141311,33.677311,-90.1758649,-89.6451587"
28017,"Chickasaw County, MS","33.7387367,34.077866,-89.1918143,-88.7200112"
28019,"Choctaw County, MS","33.1088171,33.5331438,-89.4541408,-89.0882122"
28021,"Claiborne County, MS","31.7853719,32.226898,-91.2470849,-90.7150879"
28023,"Clarke County, MS","31.8263494,32.2276257,-88.9117659,-88.4316392"
28025,"Clay County, MS","33.5066388,33.8122695,-89.0361331,-88.4719583"
28027,"Coahoma County, MS","33.984718,34.5259009,-90.9593169,-90.4003519"
28029,"Copiah County, MS","31.6850756,32.051003,-90.7369087,-90.1074671"
28031,"Covington County, MS","31.433977,31.794973,-89.7555616,-89.3990766"
28033,"DeSoto County, MS","34.711224,34.995694,-90.3134759,-89.7230989"
28035,"Forrest County, MS","30.9097688,31.4342139,-89.4515553,-89.1379054"
28037,"Franklin County, MS","31.3201246,31.611251,-91.1574399,-90.6345209"
28039,"George County, MS","30.7342679,30.9980133,-88.8849854,-88.4122518"
28041,"Greene County, MS","30.9974366,31.4358547,-88.8417549,-88.4256223"
28043,"Grenada County, MS","33.677151,33.8973084,-90.1376949,-89.5065459"
28045,"Hancock County, MS","30.1606129,30.6482569,-89.6897129,-89.3061469"
28047,"Harrison County, MS","30.1561917,30.6775548,-89.3412208,-88.7949143"
28049,"Hinds County, MS","32.0495605,32.5752441,-90.7282869,-90.0722889"
28051,"Holmes County, MS","32.8795946,33.374878,-90.4332959,-89.7495182"
28053,"Humphreys County, MS","32.9221205,33.329853,-90.7347179,-90.3304899"
28055,"Issaquena County, MS","32.4112044,33.011331,-91.2140269,-90.6911622"
28057,"Itawamba County, MS","34.0894043,34.468189,-88.5445709,-88.1561129"
28059,"Jackson County, MS","30.1477908,30.7360016,-88.8844043,-88.3850229"
28061,"Jasper County, MS","31.799953,32.225815,-89.3235019,-88.9102322"
28063,"Jefferson County, MS","31.6100337,31.8702281,-91.3654798,-90.7361411"
28065,"Jefferson Davis County, MS","31.389416,31.7745695,-89.9758679,-89.5865099"
28067,"Jones County, MS","31.4334371,31.8244324,-89.4036099,-88.9430175"
28069,"Kemper County, MS","32.5776395,32.9309645,-88.9168414,-88.3480372"
28071,"Lafayette County, MS","34.165409,34.557617,-89.7205279,-89.2450099"
28073,"Lamar County, MS","30.982487,31.4339955,-89.6535719,-89.3478315"
28075,"Lauderdale County, MS","32.225815,32.5795464,-88.9142854,-88.3888497"
28077,"Lawrence County, MS","31.3286651,31.7613424,-90.2451445,-89.958831"
28079,"Leake County, MS","32.575787,32.9318982,-89.7309419,-89.3190835"
28081,"Lee County, MS","34.077187,34.51181,-88.8282389,-88.5430679"
28083,"Leflore County, MS","33.235348,33.811962,-90.4539949,-90.1029739"
28085,"Lincoln County, MS","31.3494,31.7175099,-90.7374015,-90.2441446"
28087,"Lowndes County, MS","33.2868343,33.7458786,-88.6716405,-88.2489466"
28089,"Madison County, MS","32.398281,32.8852596,-90.4522709,-89.7299183"
28091,"Marion County, MS","30.9990928,31.433292,-90.0404255,-89.6532669"
28093,"Marshall County, MS","34.496212,34.995293,-89.7243292,-89.2462539"
28095,"Monroe County, MS","33.6502215,34.091732,-88.7212139,-88.2035573"
28097,"Montgomery County, MS","33.2856629,33.678,-89.7871169,-89.3806718"
28099,"Neshoba County, MS","32.57621,32.9318982,-89.3199539,-88.9142854"
28101,"Newton County, MS","32.222656,32.5776395,-89.3254009,-88.9117659"
28103,"Noxubee County, MS","32.9263774,33.2883069,-88.8161699,-88.3048409"
28105,"Oktibbeha County, MS","33.2860287,33.5653922,-89.088454,-88.6701818"
28107,"Panola County, MS","34.161495,34.556915,-90.2020799,-89.7195429"
28109,"Pearl River County, MS","30.4589821,31.013966,-89.8521727,-89.3407047"
28111,"Perry County, MS","30.9098105,31.4339704,-89.1463007,-88.8343411"
28113,"Pike County, MS","30.9996749,31.350258,-90.5501788,-90.2596247"
28115,"Pontotoc County, MS","34.076324,34.38364,-89.2456739,-88.8260959"
28117,"Prentiss County, MS","34.467152,34.7570282,-88.7363659,-88.3301539"
28119,"Quitman County, MS","34.076416,34.513924,-90.4514999,-90.1351779"
28121,"Rankin County, MS","32.0470905,32.5933757,-90.2506179,-89.7301353"
28123,"Scott County, MS","32.221039,32.6345832,-89.783571,-89.3235019"
28125,"Sharkey County, MS","32.66218,33.097675,-90.9620209,-90.6555617"
28127,"Simpson County, MS","31.7524905,32.0495605,-90.2478816,-89.6530181"
28129,"Smith County, MS","31.7806453,32.222656,-89.7319489,-89.3173599"
28131,"Stone County, MS","30.6475165,30.9103172,-89.3415741,-88.8841616"
28133,"Sunflower County, MS","33.269489,33.986012,-90.7657779,-90.4526289"
28135,"Tallahatchie County, MS","33.6941115,34.167408,-90.4527279,-89.9234999"
28137,"Tate County, MS","34.556168,34.774776,-90.2440799,-89.6680759"
28139,"Tippah County, MS","34.598824,34.995868,-89.0883409,-88.7183938"
28141,"Tishomingo County, MS","34.465878,34.9956336,-88.3657083,-88.0976405"
28143,"Tunica County, MS","34.427094,34.891946,-90.5885359,-90.2019729"
28145,"Union County, MS","34.36779,34.600479,-89.2464979,-88.7349169"
28147,"Walthall County, MS","31.0006405,31.3507815,-90.2604838,-89.8358383"
28149,"Warren County, MS","32.082809,32.61856,-91.1745519,-90.5538768"
28151,"Washington County, MS","33.007629,33.529285,-91.2359279,-90.6787719"
28153,"Wayne County, MS","31.4334371,31.8939534,-88.9433599,-88.4495654"
28155,"Webster County, MS","33.4598506,33.7395374,-89.5073788,-89.0185624"
28157,"Wilkinson County, MS","30.998691,31.3731387,-91.637458,-91.0592745"
28159,"Winston County, MS","32.9190129,33.288719,-89.3190835,-88.8132771"
28161,"Yalobusha County, MS","33.867524,34.195705,-89.9301379,-89.5074019"
28163,"Yazoo County, MS","32.504089,33.022587,-90.7596058,-89.9662203"
29001,"Adair County, MO","40.039162,40.347008,-92.8572848,-92.3458178"
29003,"Andrew County, MO","39.8195388,40.130054,-95.0603489,-94.6030456"
29005,"Atchison County, MO","40.261471,40.5851938,-95.7741439,-95.1771928"
29007,"Audrain County, MO","39.062012,39.349091,-92.3142318,-91.4097598"
29009,"Barry County, MO","36.498717,36.933636,-94.0761079,-93.5739748"
29011,"Barton County, MO","37.34866,37.6539493,-94.6176258,-94.0747149"
29013,"Bates County, MO","38.0258188,38.477603,-94.6140888,-94.0501019"
29015,"Benton County, MO","38.064346,38.537647,-93.5234298,-93.0623089"
29017,"Bollinger County, MO","37.039833,37.599724,-90.2223359,-89.8632128"
29019,"Boone County, MO","38.643105,39.249043,-92.5717998,-92.1057362"
29021,"Buchanan County, MO","39.530372,39.8207495,-95.1134388,-94.6012109"
29023,"Butler County, MO","36.4977552,36.928165,-90.6797098,-90.1342769"
29025,"Caldwell County, MO","39.523941,39.788166,-94.2124939,-93.7618709"
29027,"Callaway County, MO","38.557392,39.064957,-92.2230758,-91.6326598"
29029,"Camden County, MO","37.799129,38.274677,-93.0828018,-92.4055329"
29031,"Cape Girardeau County, MO","37.12545,37.606037,-89.8694988,-89.4208034"
29033,"Carroll County, MO","39.204548,39.61557,-93.7635269,-93.1120378"
29035,"Carter County, MO","36.810917,37.100792,-91.2244638,-90.6595839"
29037,"Cass County, MO","38.444942,38.8462915,-94.613012,-94.0640408"
29039,"Cedar County, MO","37.575092,37.90242,-94.0763928,-93.6089098"
29041,"Chariton County, MO","39.221661,39.706879,-93.2958978,-92.6938778"
29043,"Christian County, MO","36.809296,37.098698,-93.6093598,-92.9016948"
29045,"Clark County, MO","40.2479007,40.6136347,-91.9525298,-91.4204098"
29047,"Clay County, MO","39.1100199,39.456104,-94.6080687,-94.2110288"
29049,"Clinton County, MO","39.453526,39.7473084,-94.6059038,-94.2098458"
29051,"Cole County, MO","38.326897,38.740921,-92.4931338,-92.0038852"
29053,"Cooper County, MO","38.685154,39.064266,-93.0632628,-92.4990008"
29055,"Crawford County, MO","37.698269,38.216431,-91.5360178,-91.0925058"
29057,"Dade County, MO","37.2817,37.582249,-94.0864328,-93.6162259"
29059,"Dallas County, MO","37.417942,37.907822,-93.1914828,-92.8457948"
29061,"Daviess County, MO","39.785084,40.134491,-94.2203748,-93.7619709"
29063,"DeKalb County, MO","39.743259,40.038334,-94.6061778,-94.2053378"
29065,"Dent County, MO","37.417877,37.793976,-91.8084948,-91.1524198"
29067,"Douglas County, MO","41.190247,41.394173,-96.4733279,-95.8711409"
29069,"Dunklin County, MO","35.995683,36.630203,-90.3778898,-89.9533079"
29071,"Franklin County, MO","38.207207,38.708187,-91.3686369,-90.7322082"
29073,"Gasconade County, MO","38.157047,38.712749,-91.6444779,-91.3673629"
29075,"Gentry County, MO","40.033318,40.38538,-94.6109768,-94.2155079"
29077,"Greene County, MO","37.090214,37.429981,-93.6257628,-93.0588459"
29079,"Grundy County, MO","39.959408,40.266094,-93.7644199,-93.3638528"
29081,"Harrison County, MO","40.132595,40.5775545,-94.2340249,-93.7637249"
29083,"Henry County, MO","38.202023,38.566517,-94.0753018,-93.5115509"
29085,"Hickory County, MO","37.805805,38.073318,-93.5762178,-93.0642618"
29087,"Holt County, MO","39.8616746,40.261719,-95.5525588,-94.9880919"
29089,"Howard County, MO","38.970264,39.34481,-92.9455108,-92.4306718"
29091,"Howell County, MO","36.498431,37.059559,-92.1202949,-91.6554409"
29093,"Iron County, MO","37.273071,37.743568,-91.1538308,-90.5348969"
29095,"Jackson County, MO","38.832294,39.237083,-94.6082181,-94.1090998"
29097,"Jasper County, MO","37.049274,37.3641355,-94.6185048,-94.0545808"
29099,"Jefferson County, MO","38.008965,38.506382,-90.7787548,-90.2496813"
29101,"Johnson County, MO","38.559135,38.938137,-94.1307829,-93.4958798"
29103,"Knox County, MO","39.950985,40.308254,-92.3524859,-91.9480288"
29105,"Laclede County, MO","37.476154,37.898792,-92.8609238,-92.2496488"
29107,"Lafayette County, MO","38.909119,39.291416,-94.1183008,-93.4810409"
29109,"Lawrence County, MO","36.923668,37.290115,-94.0621489,-93.6049348"
29111,"Lewis County, MO","39.9480294,40.25885,-91.9548648,-91.4383567"
29113,"Lincoln County, MO","38.8722039,39.2278579,-91.2645658,-90.6630592"
29115,"Linn County, MO","39.700928,40.039177,-93.3682708,-92.8473588"
29117,"Livingston County, MO","39.611866,39.967762,-93.7646939,-93.2594599"
29119,"McDonald County, MO","36.498587,36.7662854,-94.6181093,-94.0674508"
29121,"Macon County, MO","39.60564,40.041378,-92.8606799,-92.2902149"
29123,"Madison County, MO","37.31171,37.64415,-90.5498728,-90.1403428"
29125,"Maries County, MO","38.013733,38.299694,-92.1981428,-91.6310269"
29127,"Marion County, MO","39.659573,39.950439,-91.8471219,-91.3100903"
29129,"Mercer County, MO","40.263657,40.580481,-93.7783609,-93.3684688"
29131,"Miller County, MO","38.021282,38.434963,-92.6970288,-92.1805798"
29133,"Mississippi County, MO","36.564948,37.0719614,-89.5199555,-89.0988429"
29135,"Moniteau County, MO","38.431404,38.925434,-92.8428728,-92.3797378"
29137,"Monroe County, MO","39.339863,39.663433,-92.3104018,-91.7139278"
29139,"Montgomery County, MO","38.677967,39.149467,-91.6469419,-91.2601798"
29141,"Morgan County, MO","38.189278,38.697517,-93.0774988,-92.6241528"
29143,"New Madrid County, MO","36.336809,36.8708646,-89.9731519,-89.327518"
29145,"Newton County, MO","36.747192,37.0583858,-94.6182906,-94.0611038"
29147,"Nodaway County, MO","40.125797,40.5785299,-95.202426,-94.6013258"
29149,"Oregon County, MO","36.4970962,36.887291,-91.6787489,-91.1163938"
29151,"Osage County, MO","38.291111,38.708008,-92.1952508,-91.6398618"
29153,"Ozark County, MO","36.497199,36.806065,-92.7743285,-92.1140209"
29155,"Pemiscot County, MO","35.99902,36.427475,-89.9617079,-89.5345069"
29157,"Perry County, MO","37.563885,37.9056524,-90.1489179,-89.4757573"
29159,"Pettis County, MO","38.507698,38.945873,-93.5129778,-93.0538408"
29161,"Phelps County, MO","37.601814,38.15731,-92.0307849,-91.5256808"
29163,"Pike County, MO","39.1390474,39.600491,-91.4617388,-90.7211642"
29165,"Platte County, MO","39.1530914,39.5327721,-95.1026685,-94.6012459"
29167,"Polk County, MO","37.421005,37.830181,-93.6316298,-93.1734388"
29169,"Pulaski County, MO","37.604431,38.024368,-92.4134828,-92.0211719"
29171,"Putnam County, MO","40.3432761,40.5895719,-93.3825908,-92.6639062"
29173,"Ralls County, MO","39.32177,39.68758,-91.7199018,-91.1797154"
29175,"Randolph County, MO","39.246658,39.61108,-92.7083208,-92.3025669"
29177,"Ray County, MO","39.134289,39.527409,-94.2126619,-93.7613218"
29179,"Reynolds County, MO","37.050278,37.607468,-91.3137358,-90.7366178"
29181,"Ripley County, MO","36.4976962,36.824703,-91.126632,-90.5744318"
29183,"St. Charles County, MO","38.537415,38.967641,-90.9643858,-90.1091068"
29185,"St. Clair County, MO","37.82843,38.221046,-94.0663148,-93.4969179"
29186,"Ste. Genevieve County, MO","37.670082,38.1214742,-90.4574048,-89.9243833"
29187,"St. Francois County, MO","37.6423,38.081009,-90.6482618,-90.1113508"
29189,"St. Louis County, MO","38.3864387,38.8911655,-90.7358318,-90.1177068"
29195,"Saline County, MO","38.932343,39.411751,-93.4988629,-92.8523859"
29197,"Schuyler County, MO","40.3432761,40.5971487,-92.7213454,-92.3530038"
29199,"Scotland County, MO","40.305542,40.6058418,-92.3555129,-91.9431116"
29201,"Scott County, MO","36.858887,37.2531225,-89.7872698,-89.3124197"
29203,"Shannon County, MO","36.885742,37.425358,-91.6572568,-91.0169218"
29205,"Shelby County, MO","39.605412,39.954254,-92.2995828,-91.8408889"
29207,"Stoddard County, MO","36.625095,37.127319,-90.2595058,-89.6848908"
29209,"Stone County, MO","36.498408,36.995773,-93.6119229,-93.3066329"
29211,"Sullivan County, MO","40.033466,40.387928,-93.3704609,-92.8533628"
29213,"Taney County, MO","36.4978315,36.816803,-93.3153368,-92.7645418"
29215,"Texas County, MO","37.048687,37.605621,-92.2521128,-91.6465229"
29217,"Vernon County, MO","37.639843,38.0595918,-94.6179748,-94.0580519"
29219,"Warren County, MO","38.547413,38.9927343,-91.4180148,-90.9583262"
29221,"Washington County, MO","37.736195,38.21114,-91.1003948,-90.6396179"
29223,"Wayne County, MO","36.920807,37.31749,-90.7800448,-90.1113048"
29225,"Webster County, MO","37.069637,37.487751,-93.0767748,-92.6765369"
29227,"Worth County, MO","40.382133,40.5718949,-94.6335068,-94.2139658"
29229,"Wright County, MO","37.063168,37.482613,-92.6898348,-92.2451708"
29510,"St. Louis city, MO","38.6266349,38.6267349,-90.1991326,-90.1990326"
30001,"Beaverhead County, MT","44.358221,45.941519,-113.9424411,-111.4677359"
30003,"Big Horn County, MT","44.993854,46.0429,-108.6991648,-106.2642588"
30005,"Blaine County, MT","47.722626,49.0004167,-109.5533448,-108.2363001"
30007,"Broadwater County, MT","45.837585,46.7817817,-111.7880663,-111.0541758"
30009,"Carbon County, MT","44.99958,45.638157,-109.7986869,-108.0991279"
30011,"Carter County, MT","44.997431,46.136902,-105.0394438,-104.0395629"
30013,"Cascade County, MT","46.818756,47.6989074,-112.0479584,-110.6351089"
30015,"Chouteau County, MT","47.4167227,48.306715,-111.4094538,-109.5360178"
30017,"Custer County, MT","45.785458,46.86084,-106.1934128,-104.7297128"
30019,"Daniels County, MT","48.563377,48.9998333,-106.1526338,-104.9709008"
30021,"Dawson County, MT","46.859364,47.791096,-105.4063868,-104.3043979"
30023,"Deer Lodge County, MT","46.389468,46.411384,-112.7498269,-112.7184269"
30025,"Fallon County, MT","45.8799437,46.68475,-104.9064098,-104.0440284"
30027,"Fergus County, MT","46.692993,47.805698,-110.2134384,-108.3121408"
30029,"Flathead County, MT","47.5963221,49.0011094,-115.0208439,-112.8856739"
30031,"Gallatin County, MT","44.4741314,46.193325,-111.8040698,-110.7825088"
30033,"Garfield County, MT","46.84446,47.982864,-107.9647598,-106.0853348"
30035,"Glacier County, MT","48.3074,48.9988631,-114.0681784,-112.1847322"
30037,"Golden Valley County, MT","46.044666,46.752426,-109.6518548,-108.7777558"
30039,"Granite County, MT","45.938435,46.833797,-113.8777849,-113.0315249"
30041,"Hill County, MT","48.130882,49.0003575,-110.7561731,-109.4620818"
30043,"Jefferson County, MT","45.748516,46.5689956,-112.5978159,-111.6585539"
30045,"Judith Basin County, MT","46.677006,47.416801,-110.7890848,-109.7451168"
30047,"Lake County, MT","47.139194,48.051659,-114.6056978,-113.5951688"
30049,"Lewis and Clark County, MT","46.4149579,47.9539821,-113.1659653,-111.4946492"
30051,"Liberty County, MT","48.1321336,48.9985857,-111.4091294,-110.7429141"
30053,"Lincoln County, MT","47.8900502,49.00099,-116.0500029,-114.612042"
30055,"McCone County, MT","47.093704,48.098248,-106.4290388,-105.1941679"
30057,"Madison County, MT","44.707654,45.857841,-112.7020258,-111.3520888"
30059,"Meagher County, MT","46.184433,47.088791,-111.6581023,-110.2729339"
30061,"Mineral County, MT","46.696901,47.500305,-115.7313477,-114.4178538"
30063,"Missoula County, MT","46.631695,47.601349,-114.7988658,-113.3036578"
30065,"Musselshell County, MT","46.132618,46.757111,-109.0103909,-107.7781298"
30067,"Park County, MT","44.999999,46.193325,-111.0442706,-109.7976759"
30069,"Petroleum County, MT","46.748081,47.596176,-108.7354348,-107.8265298"
30071,"Phillips County, MT","47.450619,49.0001111,-108.8920059,-107.1798003"
30073,"Pondera County, MT","47.9841,48.483887,-113.3558499,-111.4089137"
30075,"Powder River County, MT","44.993854,45.791573,-106.2767258,-104.9792018"
30077,"Powell County, MT","46.265625,47.601078,-113.4718169,-112.2932949"
30079,"Prairie County, MT","46.539948,47.18264,-106.0876158,-104.5997388"
30081,"Ravalli County, MT","45.459316,46.661942,-114.5661719,-113.5163378"
30083,"Richland County, MT","47.354561,48.150612,-105.2326428,-104.0416619"
30085,"Roosevelt County, MT","48.0004984,48.565208,-105.8430788,-104.0441533"
30087,"Rosebud County, MT","45.178471,46.859673,-107.8973008,-106.0871958"
30089,"Sanders County, MT","47.119938,48.264087,-116.0499583,-114.1892008"
30091,"Sheridan County, MT","48.3892122,49,-105.0575328,-104.0469096"
30093,"Silver Bow County, MT","45.62598,46.185619,-113.0854738,-112.1729508"
30095,"Stillwater County, MT","45.166515,46.132763,-110.0589678,-108.8417428"
30097,"Sweet Grass County, MT","45.175842,46.222759,-110.2916108,-109.4214548"
30099,"Teton County, MT","47.500526,48.1330864,-113.016781,-111.4088437"
30101,"Toole County, MT","48.218033,48.9986667,-112.1936695,-111.2691209"
30103,"Treasure County, MT","45.870872,46.481323,-107.7383648,-106.9348448"
30105,"Valley County, MT","47.660362,49.0000556,-107.4143587,-105.8026729"
30107,"Wheatland County, MT","46.21851,46.752216,-110.2812959,-109.3856659"
30109,"Wibaux County, MT","46.639244,47.400669,-104.6035608,-104.0447879"
30111,"Yellowstone County, MT","45.461308,46.495071,-108.9239578,-107.4617998"
31001,"Adams County, NE","40.351204,40.700325,-98.7262499,-98.2779619"
31003,"Antelope County, NE","41.915318,42.439594,-98.2999949,-97.8328169"
31005,"Arthur County, NE","41.395439,41.74353,-101.9865419,-101.4044569"
31007,"Banner County, NE","41.392883,41.698601,-104.0529749,-103.3680648"
31009,"Blaine County, NE","41.739433,42.088142,-100.2675019,-99.6834029"
31011,"Boone County, NE","41.480282,41.918373,-98.2960889,-97.8288119"
31013,"Box Butte County, NE","42.002136,42.44022,-103.4457549,-102.6988529"
31015,"Boyd County, NE","42.762905,42.9985598,-99.2558979,-98.3052898"
31017,"Brown County, NE","42.085167,42.846054,-100.1985469,-99.6628269"
31019,"Buffalo County, NE","40.652958,41.047852,-99.4269029,-98.7218169"
31021,"Burt County, NE","41.6819892,42.049671,-96.5548479,-96.0645368"
31023,"Butler County, NE","41.04689,41.455212,-97.3683089,-96.9038849"
31025,"Cass County, NE","40.783134,41.065277,-96.4653019,-95.8094738"
31027,"Cedar County, NE","42.352924,42.8685808,-97.4864649,-97.0164949"
31029,"Chase County, NE","40.348858,40.699036,-102.0516947,-101.3421249"
31031,"Cherry County, NE","42.087063,42.9993811,-102.0846098,-100.1667248"
31033,"Cheyenne County, NE","41.001815,41.437725,-103.3848343,-102.6081089"
31035,"Clay County, NE","40.350544,40.698666,-98.2799379,-97.8236309"
31037,"Colfax County, NE","41.376869,41.745895,-97.2531589,-96.9043349"
31039,"Cuming County, NE","41.743813,42.093719,-97.0201489,-96.5542299"
31041,"Custer County, NE","41.046097,41.741322,-100.2529449,-99.2014619"
31043,"Dakota County, NE","42.277042,42.5276646,-96.7274479,-96.3573528"
31045,"Dawes County, NE","42.43758,43.000879,-103.5063054,-102.7723769"
31047,"Dawson County, NE","40.668633,41.048107,-100.2243039,-99.4166029"
31049,"Deuel County, NE","41.0021358,41.221436,-102.6205532,-102.0505289"
31051,"Dixon County, NE","42.265518,42.7633154,-97.0189738,-96.6321536"
31053,"Dodge County, NE","41.394093,41.745461,-96.9056699,-96.3295969"
31055,"Douglas County, NE","41.190247,41.394173,-96.4733279,-95.8711409"
31057,"Dundy County, NE","40.0024879,40.351723,-102.0517562,-101.3224854"
31059,"Fillmore County, NE","40.350544,40.698948,-97.8259809,-97.3678439"
31061,"Franklin County, NE","40.0021453,40.352631,-99.1793439,-98.7274549"
31063,"Frontier County, NE","40.348763,40.702003,-100.7835009,-99.9816128"
31065,"Furnas County, NE","40.001549,40.351574,-100.1964649,-99.6282345"
31067,"Gage County, NE","40.001002,40.523323,-96.9184548,-96.4626849"
31069,"Garden County, NE","41.221054,42.009472,-102.6792139,-101.9853359"
31071,"Garfield County, NE","41.739574,42.087307,-99.2220538,-98.7594599"
31073,"Gosper County, NE","40.349998,40.700249,-100.0946349,-99.6420669"
31075,"Grant County, NE","41.741631,42.096233,-102.0684199,-101.4247669"
31077,"Greeley County, NE","41.3934097,41.742313,-98.7526929,-98.2907869"
31079,"Hall County, NE","40.699112,41.048313,-98.7228549,-98.2826459"
31081,"Hamilton County, NE","40.698143,41.17334,-98.2829279,-97.8245009"
31083,"Harlan County, NE","40.0018761,40.350891,-99.6306079,-99.1792475"
31085,"Hayes County, NE","40.348763,40.700161,-101.3431849,-100.7755889"
31087,"Hitchcock County, NE","40.002157,40.351013,-101.3257599,-100.7568537"
31089,"Holt County, NE","42.08659,42.896729,-99.2551349,-98.2995449"
31091,"Hooker County, NE","41.740372,42.094189,-101.4251018,-100.8416519"
31093,"Howard County, NE","41.046772,41.394943,-98.7484359,-98.2860109"
31095,"Jefferson County, NE","40.001521,40.35141,-97.3691152,-96.9159999"
31097,"Johnson County, NE","40.26165,40.5229161,-96.4637909,-96.0654749"
31099,"Kearney County, NE","40.350296,40.6894422,-99.1805568,-98.7244259"
31101,"Keith County, NE","41.0034716,41.395943,-102.0555729,-101.2480318"
31103,"Keya Paha County, NE","42.719013,42.998711,-100.1985469,-99.2515179"
31105,"Kimball County, NE","41.0016319,41.395191,-104.0535139,-103.3778989"
31107,"Knox County, NE","42.436535,42.882777,-98.3108056,-97.4841459"
31109,"Lancaster County, NE","40.522579,41.047665,-96.9137949,-96.4626009"
31111,"Lincoln County, NE","40.69714,41.395943,-101.2701799,-100.2215419"
31113,"Logan County, NE","41.393902,41.741215,-100.7138819,-100.2507929"
31115,"Loup County, NE","41.739876,42.087505,-99.6844709,-99.2198099"
31117,"McPherson County, NE","41.393902,41.744228,-101.4054869,-100.7097778"
31119,"Madison County, NE","41.743935,42.092381,-97.8342668,-97.3673169"
31121,"Merrick County, NE","40.872494,41.39518,-98.2867359,-97.5974879"
31123,"Morrill County, NE","41.436035,42.005142,-103.3695909,-102.6364058"
31125,"Nance County, NE","41.262917,41.527431,-98.2910159,-97.7049788"
31127,"Nemaha County, NE","40.261719,40.5649819,-96.0684845,-95.5510897"
31129,"Nuckolls County, NE","40.002069,40.351967,-98.2743529,-97.8206019"
31131,"Otoe County, NE","40.52211,40.784974,-96.4641719,-95.7099338"
31133,"Pawnee County, NE","40.0006624,40.262608,-96.4637118,-96.0082629"
31135,"Perkins County, NE","40.697338,41.005001,-102.0516589,-101.2446439"
31137,"Phelps County, NE","40.349319,40.684891,-99.6453699,-99.1793439"
31139,"Pierce County, NE","42.091015,42.440495,-97.8345869,-97.3685229"
31141,"Platte County, NE","41.333427,41.745743,-97.8302079,-97.2503809"
31143,"Polk County, NE","41.046677,41.395355,-97.8282849,-97.3675769"
31145,"Red Willow County, NE","40.0016582,40.351173,-100.7568888,-100.1918444"
31147,"Richardson County, NE","39.9999986,40.261795,-96.0100474,-95.3080543"
31149,"Rock County, NE","42.086445,42.80452,-99.6784129,-99.2330319"
31151,"Saline County, NE","40.350193,40.698948,-97.3686068,-96.9121699"
31153,"Sarpy County, NE","40.996357,41.1912712,-96.3394089,-95.8416159"
31155,"Saunders County, NE","41.014656,41.455212,-96.9081419,-96.3119659"
31157,"Scotts Bluff County, NE","41.6974927,42.004002,-104.0530259,-103.3605189"
31159,"Seward County, NE","40.69725,41.047665,-97.3684839,-96.9101719"
31161,"Sheridan County, NE","42.005096,42.9999784,-102.7936629,-102.0064999"
31163,"Sherman County, NE","41.046249,41.39431,-99.2078088,-98.7447429"
31165,"Sioux County, NE","42.001781,43.0016999,-104.053508,-103.3994599"
31167,"Stanton County, NE","41.745567,42.092381,-97.3698579,-97.0183789"
31169,"Thayer County, NE","40.001966,40.35141,-97.8216591,-97.3686068"
31171,"Thomas County, NE","41.740372,42.089584,-100.8458099,-100.2661898"
31173,"Thurston County, NE","42.016136,42.279964,-96.8248748,-96.2665938"
31175,"Valley County, NE","41.392616,41.740536,-99.2147599,-98.7496409"
31177,"Washington County, NE","41.3932705,41.684006,-96.4440379,-95.9198649"
31179,"Wayne County, NE","42.091312,42.353664,-97.3690869,-96.8234478"
31181,"Webster County, NE","40.00233,40.352638,-98.7289079,-98.2737617"
31183,"Wheeler County, NE","41.739826,42.08889,-98.7607118,-98.2949599"
31185,"York County, NE","40.698334,41.048443,-97.8276369,-97.3667298"
32001,"Churchill County, NV","39.073814,40.00304,-119.2257389,-117.4601819"
32003,"Clark County, NV","35.0018757,36.854092,-115.8949199,-114.0468297"
32005,"Douglas County, NV","38.5361748,39.114009,-120.0034289,-119.3154829"
32007,"Elko County, NV","40.117844,42.002207,-117.0177539,-114.0396479"
32009,"Esmeralda County, NV","36.9694409,38.47308,-118.4275116,-117.1637339"
32011,"Eureka County, NV","39.16148,41.001442,-116.6005709,-115.7950819"
32013,"Humboldt County, NV","40.524361,42.00038,-119.3305049,-117.0163649"
32015,"Lander County, NV","39.092045,41.001141,-117.8052749,-116.5874479"
32017,"Lincoln County, NV","36.842472,38.678486,-115.8982539,-114.0484729"
32019,"Lyon County, NV","38.41267,39.736748,-119.7126551,-118.7538909"
32021,"Mineral County, NV","37.89304,39.075279,-119.1545636,-117.6896209"
32023,"Nye County, NV","35.9617664,39.163361,-118.1972119,-114.9989849"
32027,"Pershing County, NV","39.998158,40.960743,-119.3385159,-117.3000179"
32029,"Storey County, NV","39.2508422,39.630856,-119.7144549,-119.275173"
32031,"Washoe County, NV","39.164894,41.997641,-120.0057275,-119.1727069"
32033,"White Pine County, NV","38.677505,40.128902,-115.9082179,-114.0463859"
32510,"Carson City, NV","39.084796,39.250871,-120.0044929,-119.5483079"
33001,"Belknap County, NH","43.2847215,43.7650312,-71.7317152,-71.1601327"
33003,"Carroll County, NH","43.4825829,44.2847961,-71.5646018,-70.9506178"
33005,"Cheshire County, NH","42.7121018,43.1819569,-72.5571232,-71.9289932"
33007,"Coos County, NH","44.085768,45.3057789,-71.7647232,-71.0099282"
33009,"Grafton County, NH","43.528122,44.4066504,-72.3351475,-71.3468648"
33011,"Hillsborough County, NH","42.6970417,43.206944,-72.0622219,-71.2459842"
33013,"Merrimack County, NH","43.0093741,43.611217,-72.0898968,-71.2358153"
33015,"Rockingham County, NH","42.7373244,43.2746179,-71.4512245,-70.5613592"
33017,"Strafford County, NH","43.0803887,43.5730118,-71.2463821,-70.8095162"
33019,"Sullivan County, NH","43.128799,43.6002138,-72.4529487,-71.9351118"
34001,"Atlantic County, NJ","39.2620501,39.729909,-74.9852229,-74.231815"
34003,"Bergen County, NJ","40.762114,41.133995,-74.2724839,-73.8939789"
34005,"Burlington County, NJ","39.540837,40.184235,-75.0599129,-74.3897899"
34007,"Camden County, NJ","39.608288,39.996081,-75.1398319,-74.7363089"
34009,"Cape May County, NJ","38.7911303,39.3246526,-75.1770483,-74.4929375"
34011,"Cumberland County, NJ","39.0658355,39.5686048,-75.4449146,-74.8528388"
34013,"Essex County, NJ","40.673903,40.90889,-74.3775169,-74.1127869"
34015,"Gloucester County, NJ","39.514802,39.888317,-75.4484526,-74.8771888"
34017,"Hudson County, NJ","40.642149,40.823569,-74.1660869,-73.9848829"
34019,"Hunterdon County, NJ","40.339427,40.7890857,-75.1954891,-74.7036889"
34021,"Mercer County, NJ","40.136843,40.4242403,-74.9429089,-74.4812019"
34023,"Middlesex County, NJ","40.251122,40.6089876,-74.6309293,-74.2036879"
34025,"Monmouth County, NJ","40.0791435,40.5204577,-74.613636,-73.9037216"
34027,"Morris County, NJ","40.649516,41.086002,-74.8887679,-74.2666379"
34029,"Ocean County, NJ","39.4751962,40.172355,-74.5531049,-73.9661051"
34031,"Passaic County, NJ","40.8199331,41.202894,-74.5028748,-74.1067859"
34033,"Salem County, NJ","39.3559219,39.78754,-75.5633859,-75.0618962"
34035,"Somerset County, NJ","40.3743939,40.758005,-74.7978409,-74.4018389"
34037,"Sussex County, NJ","40.899055,41.357423,-74.9917892,-74.3658969"
34039,"Union County, NJ","40.591903,40.739334,-74.4633509,-74.1367029"
34041,"Warren County, NJ","40.5917178,41.0934846,-75.2040618,-74.7687266"
35001,"Bernalillo County, NM","34.868687,35.2197906,-107.1972291,-106.1445689"
35003,"Catron County, NM","33.204201,34.584187,-109.0474698,-107.7115169"
35005,"Chaves County, NM","32.518791,34.09137,-105.3535689,-103.5042569"
35006,"Cibola County, NM","34.5799876,35.348866,-109.0461558,-107.0641399"
35007,"Colfax County, NM","36.21748,36.9969096,-105.3767929,-104.0067139"
35009,"Curry County, NM","34.3021938,34.954659,-103.7367709,-103.0425208"
35011,"De Baca County, NM","33.996937,34.781937,-104.8934249,-103.9419479"
35013,"Dona Ana County, NM","31.783513,33.053696,-107.2976759,-106.3367919"
35015,"Eddy County, NM","32.0000911,32.966518,-104.8496019,-103.7154309"
35017,"Grant County, NM","31.861528,33.210148,-109.0474798,-107.6645659"
35019,"Guadalupe County, NM","34.349194,35.21661,-105.3104929,-104.1225589"
35021,"Harding County, NM","35.389439,36.219257,-104.4378889,-103.3645019"
35023,"Hidalgo County, NM","31.332301,32.7812839,-109.0501728,-108.2053244"
35025,"Lea County, NM","32.0002578,33.5738253,-103.8116149,-103.052572"
35027,"Lincoln County, NM","33.130802,34.34964,-106.3692929,-104.8833999"
35028,"Los Alamos County, NM","35.753345,35.974178,-106.4147339,-106.1707759"
35029,"Luna County, NM","31.783599,32.607395,-108.2266079,-107.2903452"
35031,"McKinley County, NM","34.959515,36.006344,-109.0467958,-107.3015819"
35033,"Mora County, NM","35.755951,36.262924,-105.7202839,-104.3273539"
35035,"Otero County, NM","32.0004362,33.392738,-106.3746339,-104.8457029"
35037,"Quay County, NM","34.605633,35.740776,-104.1281889,-103.0412592"
35039,"Rio Arriba County, NM","35.930294,37.000139,-107.6214749,-105.5274119"
35041,"Roosevelt County, NM","33.571342,34.606792,-103.9475169,-103.0435158"
35043,"Sandoval County, NM","35.1980826,36.22076,-107.6247019,-106.2415699"
35045,"San Juan County, NM","36.002678,37.0001046,-109.0459552,-107.4146579"
35047,"San Miguel County, NM","35.042503,35.871708,-105.7202839,-103.6351849"
35049,"Santa Fe County, NM","35.040577,36.00449,-106.2473679,-105.7129899"
35051,"Sierra County, NM","32.605694,33.482769,-108.0002519,-106.3371889"
35053,"Socorro County, NM","33.475735,34.584473,-107.7243579,-105.9185559"
35055,"Taos County, NM","36.012173,36.9950097,-106.0553819,-105.2052149"
35057,"Torrance County, NM","34.259769,35.043613,-106.4679339,-105.2885359"
35059,"Union County, NM","35.739834,37.0002064,-104.0090029,-103.002248"
35061,"Valencia County, NM","34.436562,34.96175,-107.2012559,-106.4090039"
36001,"Albany County, NY","42.407127,42.822577,-74.2648629,-73.6767619"
36003,"Allegany County, NY","41.9982196,42.520016,-78.3082042,-77.7229423"
36005,"Bronx County, NY","40.7853322,40.917577,-73.9336518,-73.7480599"
36007,"Broome County, NY","41.9980158,42.415702,-76.1302428,-75.3595789"
36009,"Cattaraugus County, NY","41.997559,42.5403501,-79.0613476,-78.3071369"
36011,"Cayuga County, NY","42.6186537,43.4182279,-76.7397378,-76.2655027"
36013,"Chautauqua County, NY","41.9982667,42.6914262,-79.7623534,-79.0598926"
36015,"Chemung County, NY","42.0000801,42.295425,-76.9658729,-76.5344469"
36017,"Chenango County, NY","42.194969,42.745421,-75.8898319,-75.2929349"
36019,"Clinton County, NY","44.430618,45.0107275,-74.0313676,-73.3331539"
36021,"Columbia County, NY","41.97798,42.510002,-73.9296258,-73.3525269"
36023,"Cortland County, NY","42.4075776,42.7909499,-76.2745058,-75.8640199"
36025,"Delaware County, NY","41.848292,42.517799,-75.4230379,-74.4281959"
36027,"Dutchess County, NY","41.438905,42.080906,-74.0001149,-73.4873139"
36029,"Erie County, NY","42.4381158,43.098697,-79.1396186,-78.4628086"
36031,"Essex County, NY","43.744513,44.5486088,-74.3368259,-73.2936129"
36033,"Franklin County, NY","44.0994094,45.006285,-74.7275843,-73.9124218"
36035,"Fulton County, NY","42.98284,43.289003,-74.7742315,-74.0974669"
36037,"Genesee County, NY","42.8627415,43.133043,-78.4656681,-77.9041878"
36039,"Greene County, NY","42.096589,42.464231,-74.5373099,-73.7736699"
36041,"Hamilton County, NY","43.214684,44.120552,-74.8677119,-74.0461139"
36043,"Herkimer County, NY","42.824943,44.096959,-75.2191069,-74.6946731"
36045,"Jefferson County, NY","43.6677316,44.4022289,-76.6122041,-75.4467159"
36047,"Kings County, NY","40.5498513,40.7394026,-74.0558454,-73.8335644"
36049,"Lewis County, NY","43.419756,44.21944,-75.8519968,-75.1101599"
36051,"Livingston County, NY","42.4709527,42.9884694,-78.0548381,-77.486617"
36053,"Madison County, NY","42.723844,43.1851943,-75.9935142,-75.2399719"
36055,"Monroe County, NY","42.94001,43.368824,-77.9973544,-77.3715159"
36057,"Montgomery County, NY","42.772979,43.047434,-74.7633029,-74.0840109"
36059,"Nassau County, NY","40.5232996,40.9704167,-73.7801929,-73.4196565"
36061,"New York County, NY","40.679542,40.882463,-74.0477158,-73.9081511"
36063,"Niagara County, NY","43.0189612,43.3750241,-79.0756474,-78.4603815"
36065,"Oneida County, NY","42.863319,43.615229,-75.8867559,-75.0692107"
36067,"Onondaga County, NY","42.771183,43.2715676,-76.4994889,-75.8962598"
36069,"Ontario County, NY","42.576355,43.039986,-77.6163625,-76.9635538"
36071,"Orange County, NY","41.142883,41.632738,-74.7626229,-73.9472939"
36073,"Orleans County, NY","43.1293987,43.3762498,-78.4664177,-77.9951719"
36075,"Oswego County, NY","43.1552284,43.7066756,-76.6167842,-75.7561849"
36077,"Otsego County, NY","42.314151,42.908363,-75.4160099,-74.6306519"
36079,"Putnam County, NY","41.321693,41.527194,-73.9825839,-73.5300669"
36081,"Queens County, NY","40.4932114,40.812242,-74.0444158,-73.7001714"
36083,"Rensselaer County, NY","42.464231,42.95865,-73.7861239,-73.2649569"
36085,"Richmond County, NY","40.477399,40.651812,-74.2590899,-74.0349886"
36087,"Rockland County, NY","40.997205,41.324693,-74.2344729,-73.8871798"
36089,"St. Lawrence County, NY","44.0504,45.0158611,-75.8616416,-74.5252608"
36091,"Saratoga County, NY","42.775459,43.3979655,-74.1600999,-73.5732711"
36093,"Schenectady County, NY","42.710827,42.955695,-74.3066659,-73.8093649"
36095,"Schoharie County, NY","42.355017,42.829558,-74.7115799,-74.1646779"
36097,"Schuyler County, NY","42.236328,42.546974,-77.1071009,-76.6194079"
36099,"Seneca County, NY","42.541458,43.0241142,-76.9764398,-76.5857538"
36101,"Steuben County, NY","41.9987765,42.580413,-77.749793,-76.9653699"
36103,"Suffolk County, NY","40.606922,41.2924484,-73.4974049,-71.8527116"
36105,"Sullivan County, NY","41.421657,42.016375,-75.1464459,-74.3643339"
36107,"Tioga County, NY","41.998346,42.4103753,-76.5675129,-76.0797945"
36109,"Tompkins County, NY","42.263092,42.6274023,-76.6958688,-76.2382198"
36111,"Ulster County, NY","41.58061,42.176992,-74.7806929,-73.9106749"
36113,"Warren County, NY","43.2225842,43.8036857,-74.2146249,-73.4365666"
36115,"Washington County, NY","42.941222,43.808477,-73.6368856,-73.2413909"
36117,"Wayne County, NY","43.0126162,43.3439201,-77.3761391,-76.7019268"
36119,"Westchester County, NY","40.871721,41.366375,-73.9832838,-73.4826949"
36121,"Wyoming County, NY","42.5187557,42.871387,-78.4879706,-77.9546458"
36123,"Yates County, NY","42.459118,42.764561,-77.3670281,-76.8898088"
37001,"Alamance County, NC","35.843338,36.25021,-79.5423969,-79.2366697"
37003,"Alexander County, NC","35.779118,36.051182,-81.3441309,-81.0050199"
37005,"Alleghany County, NC","36.370342,36.575024,-81.3533219,-80.9017075"
37007,"Anson County, NC","34.8065654,35.211758,-80.3199864,-79.8484419"
37009,"Ashe County, NC","36.2400375,36.5880363,-81.7396481,-81.2392119"
37011,"Avery County, NC","35.910275,36.2842551,-82.0825122,-81.7379529"
37013,"Beaufort County, NC","35.357346,35.362076,-76.6621319,-76.6435009"
37015,"Bertie County, NC","35.811729,36.246875,-77.3278629,-76.6061349"
37017,"Bladen County, NC","34.367089,34.864663,-78.9037699,-78.1764959"
37019,"Brunswick County, NC","33.752878,34.371814,-78.6507279,-77.8970109"
37021,"Buncombe County, NC","35.421139,35.825726,-82.8872218,-82.1706239"
37023,"Burke County, NC","35.559715,35.999214,-81.9907299,-81.3782808"
37025,"Cabarrus County, NC","35.185516,35.511288,-80.7888869,-80.2878948"
37027,"Caldwell County, NC","35.756809,36.1226625,-81.8114558,-81.3297649"
37029,"Camden County, NC","36.085877,36.5507472,-76.5416034,-75.8870329"
37031,"Carteret County, NC","34.531736,35.216339,-77.1678389,-76.0065569"
37033,"Caswell County, NC","36.2421242,36.54174,-79.5313719,-79.1436098"
37035,"Catawba County, NC","35.546299,35.829529,-81.5287478,-80.9242859"
37037,"Chatham County, NC","35.51577,35.8767948,-79.5556559,-78.9076159"
37039,"Cherokee County, NC","34.9874506,35.2921757,-84.3218689,-83.6916119"
37041,"Chowan County, NC","35.974502,36.351892,-76.7373409,-76.3968599"
37043,"Clay County, NC","34.986592,35.161343,-84.0074497,-83.4844436"
37045,"Cleveland County, NC","35.1634672,35.576595,-81.7679254,-81.3163299"
37047,"Columbus County, NC","33.944242,34.484962,-79.0733877,-78.1623499"
37049,"Craven County, NC","34.802755,35.418955,-77.4737159,-76.6529199"
37051,"Cumberland County, NC","34.836899,35.266487,-79.1138989,-78.5028349"
37053,"Currituck County, NC","36.028885,36.550922,-76.3132696,-75.7090779"
37055,"Dare County, NC","35.140565,36.244984,-76.0459869,-75.4001189"
37057,"Davidson County, NC","35.506142,36.026939,-80.4877089,-80.0429839"
37059,"Davie County, NC","35.750317,36.061947,-80.7086029,-80.3688659"
37061,"Duplin County, NC","34.709068,35.194164,-78.1974329,-77.6509189"
37063,"Durham County, NC","35.863255,36.239273,-79.0160978,-78.6984858"
37065,"Edgecombe County, NC","35.672943,36.153389,-77.8277969,-77.3424619"
37067,"Forsyth County, NC","35.973305,36.262051,-80.5206218,-80.0368499"
37069,"Franklin County, NC","35.81834,36.267258,-78.5464629,-78.0126879"
37071,"Gaston County, NC","35.148571,35.420059,-81.4534759,-80.9268039"
37073,"Gates County, NC","36.296211,36.5521006,-76.9505599,-76.4536899"
37075,"Graham County, NC","35.216908,35.467403,-84.0380809,-83.5829849"
37077,"Granville County, NC","36.021828,36.5424929,-78.8059459,-78.456333"
37079,"Greene County, NC","35.347229,35.652252,-77.8271258,-77.4747158"
37081,"Guilford County, NC","35.900051,36.254299,-80.0469059,-79.5319979"
37083,"Halifax County, NC","36.004933,36.51759,-78.0126879,-77.2297249"
37085,"Harnett County, NC","35.192249,35.585663,-79.2225648,-78.5355769"
37087,"Haywood County, NC","35.291149,35.790016,-83.256111,-82.7444759"
37089,"Henderson County, NC","35.144434,35.501217,-82.7444759,-82.2615428"
37091,"Hertford County, NC","36.238234,36.5463367,-77.2087899,-76.6893379"
37093,"Hoke County, NC","34.835556,35.211021,-79.4629749,-79.0365978"
37095,"Hyde County, NC","35.006031,35.705235,-76.6380309,-75.7366199"
37097,"Iredell County, NC","35.509762,36.055984,-81.1116258,-80.6922529"
37099,"Jackson County, NC","35.0008288,35.527714,-83.3640749,-82.9201048"
37101,"Johnston County, NC","35.256271,35.81834,-78.7080539,-78.0643839"
37103,"Jones County, NC","34.780306,35.242844,-77.7303009,-77.0494489"
37105,"Lee County, NC","35.307281,35.627739,-79.3599469,-78.9713519"
37107,"Lenoir County, NC","35.007637,35.427029,-77.8338548,-77.3909649"
37109,"Lincoln County, NC","35.400635,35.571159,-81.5337518,-80.9412539"
37111,"McDowell County, NC","35.525524,35.958527,-82.2935639,-81.8247449"
37113,"Macon County, NC","34.993476,35.333652,-83.7387539,-83.1083845"
37115,"Madison County, NC","35.678383,36.065805,-82.9640879,-82.4030229"
37117,"Martin County, NC","35.658485,36.074937,-77.4091219,-76.7606329"
37119,"Mecklenburg County, NC","35.0017219,35.517715,-81.0580289,-80.5484698"
37121,"Mitchell County, NC","35.825054,36.159112,-82.4168833,-81.9792249"
37123,"Montgomery County, NC","35.139866,35.511826,-80.1822508,-79.6184539"
37125,"Moore County, NC","35.039223,35.516644,-79.7636029,-79.0961758"
37127,"Nash County, NC","35.727615,36.201962,-78.2599949,-77.7017139"
37129,"New Hanover County, NC","33.7868,34.389359,-78.0299219,-77.6752759"
37131,"Northampton County, NC","36.167637,36.5473222,-77.9015258,-77.0660999"
37133,"Onslow County, NC","34.399705,34.984419,-77.6805599,-77.0966049"
37135,"Orange County, NC","35.861107,36.2438733,-79.268356,-78.9507369"
37137,"Pamlico County, NC","34.950434,35.361857,-76.9875689,-76.2774549"
37139,"Pasquotank County, NC","36.059517,36.510536,-76.4914769,-76.0191469"
37141,"Pender County, NC","34.25313,34.732587,-78.2722209,-77.4845379"
37143,"Perquimans County, NC","36.019036,36.378042,-76.5898969,-76.1579529"
37145,"Person County, NC","36.236065,36.542154,-79.1537358,-78.7992859"
37147,"Pitt County, NC","35.327988,35.832825,-77.7009048,-77.0847159"
37149,"Polk County, NC","35.18475,35.408714,-82.3596798,-81.9635619"
37151,"Randolph County, NC","35.506142,35.920883,-80.0670009,-79.5420529"
37153,"Richmond County, NC","34.8048855,35.182896,-80.0784839,-79.4629749"
37155,"Robeson County, NC","34.3011531,34.954781,-79.4612915,-78.8054658"
37157,"Rockingham County, NC","36.241592,36.5426969,-80.0368499,-79.5109699"
37159,"Rowan County, NC","35.50568,35.862614,-80.7715068,-80.1822508"
37161,"Rutherford County, NC","35.1804949,35.607578,-82.2806319,-81.6942369"
37163,"Sampson County, NC","34.553963,35.31806,-78.6722879,-78.1130899"
37165,"Scotland County, NC","34.6301038,35.039223,-79.6874004,-79.3350298"
37167,"Stanly County, NC","35.145638,35.506721,-80.5100859,-80.0527879"
37169,"Stokes County, NC","36.254299,36.55063,-80.4573818,-80.0272706"
37171,"Surry County, NC","36.233391,36.5623115,-80.9733579,-80.4400999"
37173,"Swain County, NC","35.279369,35.697588,-83.9610529,-83.1569749"
37175,"Transylvania County, NC","35.0278624,35.422974,-83.0521698,-82.5749069"
37177,"Tyrrell County, NC","35.597992,36.097625,-76.4062878,-75.8401229"
37179,"Union County, NC","34.814001,35.210766,-80.8403072,-80.2788699"
37181,"Vance County, NC","36.165054,36.5438253,-78.5152439,-78.2835458"
37183,"Wake County, NC","35.5191,36.076771,-78.9956048,-78.2591319"
37185,"Warren County, NC","36.201962,36.544663,-78.323925,-77.9001309"
37187,"Washington County, NC","35.698032,36.026908,-76.8451188,-76.3519898"
37189,"Watauga County, NC","36.1116195,36.3903018,-81.9200659,-81.4560028"
37191,"Wayne County, NC","35.148796,35.59782,-78.3046568,-77.7999418"
37193,"Wilkes County, NC","35.996933,36.442539,-81.5490128,-80.8747479"
37195,"Wilson County, NC","35.572868,35.868408,-78.1921918,-77.6679989"
37197,"Yadkin County, NC","36.047771,36.285324,-80.8823618,-80.4348748"
37199,"Yancey County, NC","35.701481,36.084988,-82.5039057,-82.1330569"
38001,"Adams County, ND","45.9445102,46.282688,-102.9970629,-101.9994963"
38003,"Barnes County, ND","46.629257,47.241245,-98.4684678,-97.6830138"
38005,"Benson County, ND","47.847679,48.369663,-99.8493798,-98.5254058"
38007,"Billings County, ND","46.630035,47.330471,-103.6714018,-103.0304568"
38009,"Bottineau County, ND","48.543018,48.9996111,-101.499451,-100.1457058"
38011,"Bowman County, ND","45.945131,46.280853,-104.0468219,-102.9955571"
38013,"Burke County, ND","48.54562,48.999329,-102.9397524,-102.0228648"
38015,"Burleigh County, ND","46.631634,47.327194,-100.9596018,-100.0776748"
38017,"Cass County, ND","46.6286363,47.240173,-97.7071378,-96.7528368"
38019,"Cavalier County, ND","48.542667,49.0004918,-99.0040129,-97.9280008"
38021,"Dickey County, ND","45.9359306,46.282177,-99.0073549,-98.0081314"
38023,"Divide County, ND","48.633094,48.999877,-104.0492649,-102.8860224"
38025,"Dunn County, ND","46.981487,47.826435,-103.1066738,-102.1442339"
38027,"Eddy County, ND","47.586639,47.848072,-99.2974548,-98.5017618"
38029,"Emmons County, ND","45.941672,46.634357,-100.6616058,-99.8782648"
38031,"Foster County, ND","47.326836,47.588745,-99.2680508,-98.4990688"
38033,"Golden Valley County, ND","46.5415003,47.329918,-104.0459009,-103.6088259"
38035,"Grand Forks County, ND","47.670643,48.19339,-97.9066539,-96.8863908"
38037,"Grant County, ND","46.008389,46.717266,-102.0939098,-101.0489578"
38039,"Griggs County, ND","47.24017,47.673798,-98.5018618,-97.9610438"
38041,"Hettinger County, ND","46.206188,46.630833,-102.9276578,-102.0001678"
38043,"Kidder County, ND","46.631634,47.327515,-100.1162188,-99.4476088"
38045,"LaMoure County, ND","46.280544,46.630886,-99.0397258,-98.0348588"
38047,"Logan County, ND","46.281631,46.631935,-99.9170678,-99.0379409"
38049,"McHenry County, ND","47.847046,48.632141,-101.0593338,-100.1971888"
38051,"McIntosh County, ND","45.939944,46.282448,-99.8819578,-99.0048678"
38053,"McKenzie County, ND","47.327999,48.146687,-104.0453329,-102.5493698"
38055,"McLean County, ND","47.157902,47.849483,-102.3865048,-100.5846098"
38057,"Mercer County, ND","46.9809,47.575298,-102.2077638,-101.2567978"
38059,"Morton County, ND","46.275612,46.982574,-102.0969918,-100.5432128"
38061,"Mountrail County, ND","47.752499,48.548298,-102.8871148,-101.8711318"
38063,"Nelson County, ND","47.673416,48.195007,-98.5261308,-97.8826139"
38065,"Oliver County, ND","46.981815,47.295284,-101.7636718,-100.8795169"
38067,"Pembina County, ND","48.541642,49.0004918,-97.9528218,-97.0902669"
38069,"Pierce County, ND","47.846859,48.543671,-100.2777018,-99.4934838"
38071,"Ramsey County, ND","47.915009,48.5436363,-99.2032698,-98.2915188"
38073,"Ransom County, ND","46.280952,46.6297,-98.0366438,-97.2815628"
38075,"Renville County, ND","48.457825,48.9994521,-102.0240514,-101.0573648"
38077,"Richland County, ND","45.9350359,46.629612,-97.2837908,-96.5543974"
38079,"Rolette County, ND","48.542305,48.9993995,-100.1827998,-99.4941709"
38081,"Sargent County, ND","45.935054,46.282665,-98.0090028,-97.2309878"
38083,"Sheridan County, ND","47.326118,47.84766,-100.6737138,-100.0328898"
38085,"Sioux County, ND","45.943642,46.427361,-102.0012818,-100.5056378"
38087,"Slope County, ND","46.279308,46.63102,-104.0461029,-102.9233468"
38089,"Stark County, ND","46.630524,47.012482,-103.2312388,-102.0938028"
38091,"Steele County, ND","47.239353,47.674175,-97.9878228,-97.4504169"
38093,"Stutsman County, ND","46.629387,47.327213,-99.4827498,-98.4395518"
38095,"Towner County, ND","48.368828,48.9999444,-99.5288139,-98.9712448"
38097,"Traill County, ND","47.2381855,47.67321,-97.4751278,-96.828764"
38099,"Walsh County, ND","48.192226,48.543312,-98.3195718,-97.1146468"
38101,"Ward County, ND","47.846806,48.806622,-102.2359308,-100.9685288"
38103,"Wells County, ND","47.326698,47.847847,-100.0705028,-99.2669218"
38105,"Williams County, ND","47.954521,48.634872,-104.0482119,-102.8289178"
39001,"Adams County, OH","38.5964787,39.055172,-83.7054538,-83.2678462"
39003,"Allen County, OH","40.642658,40.920708,-84.3975679,-83.8797379"
39005,"Ashland County, OH","40.555233,41.065768,-82.4368729,-82.1260149"
39007,"Ashtabula County, OH","41.498413,42.3232365,-81.0053394,-80.5193046"
39009,"Athens County, OH","39.180976,39.5564844,-82.2983468,-81.7195819"
39011,"Auglaize County, OH","40.354591,40.686062,-84.4559099,-83.8800929"
39013,"Belmont County, OH","39.849982,40.172977,-81.2373049,-80.7024768"
39015,"Brown County, OH","38.6395774,39.2542652,-84.0528362,-83.6731259"
39017,"Butler County, OH","39.2922864,39.5895383,-84.8193894,-84.3320444"
39019,"Carroll County, OH","40.424664,40.729198,-81.3217239,-80.860681"
39021,"Champaign County, OH","40.0111509,40.273459,-84.0360689,-83.4947924"
39023,"Clark County, OH","39.769349,40.04019,-84.0537359,-83.5116927"
39025,"Clermont County, OH","38.7702642,39.2701994,-84.3200879,-83.9931335"
39027,"Clinton County, OH","39.222755,39.5691593,-84.0074656,-83.5762891"
39029,"Columbiana County, OH","40.58248,40.930344,-81.0872889,-80.5189909"
39031,"Coshocton County, OH","40.15172,40.4564561,-82.1959147,-81.6164699"
39033,"Crawford County, OH","40.702728,40.997166,-83.1128999,-82.7244259"
39035,"Cuyahoga County, OH","41.275044,42.1006,-81.9712511,-81.3747807"
39037,"Darke County, OH","39.916477,40.354591,-84.8125323,-84.4260709"
39039,"Defiance County, OH","41.165359,41.427921,-84.8041329,-84.2275389"
39041,"Delaware County, OH","40.1259323,40.443869,-83.2497339,-82.7449309"
39043,"Erie County, OH","41.283894,41.7414813,-82.9535788,-82.2689505"
39045,"Fairfield County, OH","39.5544387,39.9411141,-82.8429529,-82.3660634"
39047,"Fayette County, OH","39.377521,39.7170268,-83.6703302,-83.252465"
39049,"Franklin County, OH","39.794996,40.1427335,-83.2607261,-82.7618136"
39051,"Fulton County, OH","41.485798,41.720081,-84.3994309,-83.8773679"
39053,"Gallia County, OH","38.5828238,39.035206,-82.5825199,-82.0954819"
39055,"Geauga County, OH","41.3473262,41.7147885,-81.3919449,-81.0026795"
39057,"Greene County, OH","39.5502549,39.850458,-84.1141949,-83.6479367"
39059,"Guernsey County, OH","39.839176,40.222466,-81.7285839,-81.2259449"
39061,"Hamilton County, OH","39.0215766,39.3120806,-84.8203367,-84.2563972"
39063,"Hancock County, OH","40.817982,41.168392,-83.8809129,-83.4203029"
39065,"Hardin County, OH","40.5040257,40.819992,-83.8804629,-83.4147569"
39067,"Harrison County, OH","40.159515,40.4334027,-81.3396609,-80.8651279"
39069,"Henry County, OH","41.166039,41.4876008,-84.3426819,-83.8809129"
39071,"Highland County, OH","39.018456,39.3787604,-83.8721661,-83.3435794"
39073,"Hocking County, OH","39.361038,39.6617276,-82.7486269,-82.1591686"
39075,"Holmes County, OH","40.443779,40.668179,-82.2211529,-81.6488949"
39077,"Huron County, OH","40.993046,41.289806,-82.8416139,-82.3366325"
39079,"Jackson County, OH","38.844383,39.20808,-82.8069459,-82.4247201"
39081,"Jefferson County, OH","40.154804,40.599648,-80.9417649,-80.596197"
39083,"Knox County, OH","40.2390862,40.573074,-82.7507469,-82.1785509"
39085,"Lake County, OH","41.5696674,42.2459537,-81.4886901,-81.0025826"
39087,"Lawrence County, OH","38.4031419,38.848846,-82.8160169,-82.2873363"
39089,"Licking County, OH","39.9132396,40.276996,-82.782452,-82.1828426"
39091,"Logan County, OH","40.2293562,40.5387522,-84.0147629,-83.5205274"
39093,"Lorain County, OH","41.0636052,41.9262759,-82.3597846,-81.86911"
39095,"Lucas County, OH","41.4142071,41.95941,-83.883172,-83.0625599"
39097,"Madison County, OH","39.6954642,40.1114808,-83.6534762,-83.2065858"
39099,"Mahoning County, OH","40.8996465,41.134452,-81.0866849,-80.5190281"
39101,"Marion County, OH","40.433795,40.7049268,-83.4202649,-82.8583356"
39103,"Medina County, OH","40.98815,41.2771461,-82.1733589,-81.6849526"
39105,"Meigs County, OH","38.873869,39.205494,-82.3240049,-81.7421529"
39107,"Mercer County, OH","40.351944,40.728148,-84.8045039,-84.4341959"
39109,"Miami County, OH","39.8801,40.199879,-84.4323429,-84.0232539"
39111,"Monroe County, OH","39.5397804,39.870026,-81.3190459,-80.8212789"
39113,"Montgomery County, OH","39.5778834,39.922653,-84.4854199,-84.0509869"
39115,"Morgan County, OH","39.449047,39.7709756,-82.0800479,-81.5862579"
39117,"Morrow County, OH","40.3451207,40.712215,-83.0219678,-82.6232989"
39119,"Muskingum County, OH","39.755653,40.1666308,-82.2340545,-81.6908109"
39121,"Noble County, OH","39.583107,39.953781,-81.6975859,-81.2340239"
39123,"Ottawa County, OH","41.45694,41.8604412,-83.4160229,-82.6126828"
39125,"Paulding County, OH","40.98925,41.253502,-84.8037799,-84.3415759"
39127,"Perry County, OH","39.550198,39.93038,-82.4725631,-82.0244519"
39129,"Pickaway County, OH","39.468062,39.8134437,-83.2668284,-82.7315337"
39131,"Pike County, OH","38.948269,39.1975974,-83.3857119,-82.7859269"
39133,"Portage County, OH","40.987785,41.3482715,-81.3933493,-81.0019799"
39135,"Preble County, OH","39.5672865,39.918423,-84.8151356,-84.4787825"
39137,"Putnam County, OH","40.85907,41.167538,-84.3991929,-83.8803629"
39139,"Richland County, OH","40.550293,40.996059,-82.7272639,-82.3365399"
39141,"Ross County, OH","39.167278,39.516193,-83.394417,-82.7406149"
39143,"Sandusky County, OH","41.25312,41.501189,-83.4200589,-82.8402249"
39145,"Scioto County, OH","38.570767,39.016052,-83.2709349,-82.6499559"
39147,"Seneca County, OH","40.992008,41.256809,-83.4215849,-82.8292389"
39149,"Shelby County, OH","40.1838,40.4830476,-84.4342269,-84.0018967"
39151,"Stark County, OH","40.634579,40.9886855,-81.6491009,-81.0864341"
39153,"Summit County, OH","40.9065031,41.351132,-81.6884869,-81.3916916"
39155,"Trumbull County, OH","41.1333508,41.5014882,-81.0033628,-80.5190726"
39157,"Tuscarawas County, OH","40.21442,40.665722,-81.7123789,-81.2642589"
39159,"Union County, OH","40.1070178,40.5071313,-83.5513289,-83.1698801"
39161,"Van Wert County, OH","40.684944,40.990257,-84.8031724,-84.3404849"
39163,"Vinton County, OH","39.028297,39.396015,-82.7629239,-82.2597199"
39165,"Warren County, OH","39.255074,39.5894696,-84.3652333,-83.9769125"
39167,"Washington County, OH","39.2156973,39.64566,-81.8534699,-81.0341869"
39169,"Wayne County, OH","40.668144,40.991807,-82.1293339,-81.6476393"
39171,"Williams County, OH","41.4261653,41.7058633,-84.8062099,-84.3417739"
39173,"Wood County, OH","41.166275,41.6191209,-83.8837359,-83.4147029"
39175,"Wyandot County, OH","40.687038,40.993748,-83.5158159,-83.1109999"
40001,"Adair County, OK","35.638138,36.162334,-94.8080419,-94.4726468"
40003,"Alfalfa County, OK","36.461536,36.9988713,-98.5450652,-98.1067279"
40005,"Atoka County, OK","34.156612,34.68206,-96.4091259,-95.6717449"
40007,"Beaver County, OK","36.49924,37.002133,-100.9533999,-100.0004058"
40009,"Beckham County, OK","35.027664,35.508526,-100.0004238,-99.3588029"
40011,"Blaine County, OK","35.550163,36.165638,-98.6341479,-98.2065889"
40013,"Bryan County, OK","33.6868551,34.15963,-96.6318049,-95.7514716"
40015,"Caddo County, OK","34.855343,35.551971,-98.6216428,-98.0905839"
40017,"Canadian County, OK","35.327435,35.7259831,-98.3192669,-97.671339"
40019,"Carter County, OK","34.072495,34.509842,-97.5643539,-96.9356609"
40021,"Cherokee County, OK","35.638598,36.163265,-95.2832029,-94.7971454"
40023,"Choctaw County, OK","33.8629341,34.158585,-95.9925919,-95.1544622"
40025,"Cimarron County, OK","36.5002776,37.0002064,-103.0024614,-102.0280595"
40027,"Cleveland County, OK","34.929478,35.3773681,-97.6728519,-97.1405109"
40029,"Coal County, OK","34.416191,34.768833,-96.5146709,-96.0911559"
40031,"Comanche County, OK","34.4083374,34.858143,-98.8263481,-98.0883409"
40033,"Cotton County, OK","34.06227,34.5081453,-98.6611462,-98.1387232"
40035,"Craig County, OK","36.511395,36.99958,-95.4318769,-95.0004429"
40037,"Creek County, OK","35.636471,36.164383,-96.6245119,-96.0281069"
40039,"Custer County, OK","35.463932,35.812012,-99.3762889,-98.6199259"
40041,"Delaware County, OK","36.161192,36.672306,-95.0119319,-94.5627308"
40043,"Dewey County, OK","35.811092,36.164478,-99.3820339,-98.6305468"
40045,"Ellis County, OK","35.839958,36.591728,-100.0044559,-99.3805769"
40047,"Garfield County, OK","36.165157,36.593513,-98.1080248,-97.4621428"
40049,"Garvin County, OK","34.507607,34.856548,-97.6704638,-96.9324529"
40051,"Grady County, OK","34.682434,35.377701,-98.0985259,-97.6689759"
40053,"Grant County, OK","36.593338,36.99909,-98.1113117,-97.4622798"
40055,"Greer County, OK","34.724895,35.116135,-99.8898008,-99.2444689"
40057,"Harmon County, OK","34.508428,35.0294703,-100.0004238,-99.6639789"
40059,"Harper County, OK","36.59161,37.001706,-100.0044559,-99.2958069"
40061,"Haskell County, OK","35.057308,35.457924,-95.4551999,-94.8147579"
40063,"Hughes County, OK","34.768429,35.290207,-96.4961009,-95.9808499"
40065,"Jackson County, OK","34.336304,34.859264,-99.8473807,-99.0405959"
40067,"Jefferson County, OK","33.8502469,34.2925194,-98.1424688,-97.5346369"
40069,"Johnston County, OK","34.1017531,34.5061688,-96.9361499,-96.4019548"
40071,"Kay County, OK","36.592857,36.999233,-97.4630659,-96.7531716"
40073,"Kingfisher County, OK","35.725082,36.166344,-98.2122269,-97.6739924"
40075,"Kiowa County, OK","34.594296,35.12495,-99.4067309,-98.6176679"
40077,"Latimer County, OK","34.680061,35.058296,-95.5142289,-94.9288329"
40079,"Le Flore County, OK","34.5063806,35.380806,-95.0623469,-94.4315149"
40081,"Lincoln County, OK","35.460224,35.944187,-97.1437679,-96.6228029"
40083,"Logan County, OK","35.7243799,36.166344,-97.6764599,-97.1404949"
40085,"Love County, OK","33.7178093,34.074947,-97.5606585,-96.9357529"
40087,"McClain County, OK","34.8546209,35.336758,-97.6728519,-96.9307539"
40089,"McCurtain County, OK","33.6191955,34.507999,-95.1562879,-94.4611798"
40091,"McIntosh County, OK","35.142799,35.55217,-95.9827579,-95.3442458"
40093,"Major County, OK","36.15871,36.506958,-98.9610599,-98.1056589"
40095,"Marshall County, OK","33.8254371,34.176556,-96.9711459,-96.5495298"
40097,"Mayes County, OK","36.074677,36.511726,-95.4409029,-95.0039288"
40099,"Murray County, OK","34.333649,34.638767,-97.3529129,-96.8271862"
40101,"Muskogee County, OK","35.262104,35.857662,-95.7676539,-95.0505679"
40103,"Noble County, OK","36.158298,36.600075,-97.4633789,-96.8865659"
40105,"Nowata County, OK","36.5974939,36.9993611,-95.809911,-95.4075824"
40107,"Okfuskee County, OK","35.289623,35.637672,-96.6255419,-95.9803309"
40109,"Oklahoma County, OK","35.3768782,35.7259831,-97.6740182,-97.1410424"
40111,"Okmulgee County, OK","35.374638,35.858875,-96.1944269,-95.7125929"
40113,"Osage County, OK","36.160831,36.999286,-97.0670089,-95.9996409"
40115,"Ottawa County, OK","36.6692973,36.999535,-95.0389399,-94.6174886"
40117,"Pawnee County, OK","36.159264,36.566906,-97.0338359,-96.2466429"
40119,"Payne County, OK","35.942604,36.245995,-97.3569489,-96.6228029"
40121,"Pittsburg County, OK","34.593067,35.300629,-96.0943449,-95.3487779"
40123,"Pontotoc County, OK","34.5054815,34.965435,-96.9325391,-96.4076229"
40125,"Pottawatomie County, OK","34.898846,35.464561,-97.1433259,-96.6253889"
40127,"Pushmataha County, OK","34.156612,34.681259,-95.7796708,-94.9377519"
40129,"Roger Mills County, OK","35.420021,36.017044,-100.000396,-99.3626939"
40131,"Rogers County, OK","36.076633,36.598812,-95.8180389,-95.3284229"
40133,"Seminole County, OK","34.856548,35.468662,-96.7788009,-96.4392618"
40135,"Sequoyah County, OK","35.290417,35.639633,-95.1342239,-94.4312148"
40137,"Stephens County, OK","34.290352,34.683804,-98.1422092,-97.5598749"
40139,"Texas County, OK","36.4993006,36.9982235,-102.0322722,-100.9441932"
40141,"Tillman County, OK","34.124238,34.63829,-99.2376628,-98.6086349"
40143,"Tulsa County, OK","35.855991,36.42546,-96.3006359,-95.7643969"
40145,"Wagoner County, OK","35.766857,36.163506,-95.8195269,-95.2077478"
40147,"Washington County, OK","36.424835,36.999336,-96.0012479,-95.7866759"
40149,"Washita County, OK","35.098072,35.465885,-99.3631589,-98.6161581"
40151,"Woods County, OK","36.388927,37.000177,-99.4515627,-98.5322109"
40153,"Woodward County, OK","36.15871,36.809589,-99.6049959,-98.9561689"
41001,"Baker County, OR","44.255084,45.081082,-118.5199579,-116.7837099"
41003,"Benton County, OR","44.276564,44.721296,-123.8164288,-123.0731319"
41005,"Clackamas County, OR","44.8857092,45.4616701,-122.8679983,-121.6509928"
41007,"Clatsop County, OR","45.773097,46.299099,-124.1535999,-123.3582509"
41009,"Columbia County, OR","45.721253,46.188973,-123.3660339,-122.7606603"
41011,"Coos County, OR","42.666379,43.610619,-124.5522819,-123.7013398"
41013,"Crook County, OR","43.697484,44.563954,-121.1086389,-119.6548869"
41015,"Curry County, OR","41.995473,42.955653,-124.7035409,-123.7161898"
41017,"Deschutes County, OR","43.6102176,44.393437,-122.0026748,-119.8963648"
41019,"Douglas County, OR","42.699249,43.945131,-124.2903269,-121.9738409"
41021,"Gilliam County, OR","45.065163,45.8134767,-120.6535678,-119.7576898"
41023,"Grant County, OR","43.957418,44.998174,-119.6719868,-118.2235519"
41025,"Harney County, OR","41.991794,44.047775,-119.9438879,-118.1953609"
41027,"Hood River County, OR","45.257734,45.7265468,-121.922271,-121.4405769"
41029,"Jackson County, OR","42.0030885,42.996556,-123.2316279,-122.2818558"
41031,"Jefferson County, OR","44.389999,44.82564,-121.8491719,-120.3714079"
41033,"Josephine County, OR","41.9951544,42.784234,-124.0419829,-123.2278079"
41035,"Klamath County, OR","41.9929198,43.616714,-122.2903509,-120.8793179"
41037,"Lake County, OR","41.992785,43.617607,-121.3512219,-119.3593969"
41039,"Lane County, OR","43.437142,44.290548,-124.2302309,-121.7673749"
41041,"Lincoln County, OR","44.274761,45.045197,-124.1876739,-123.5984418"
41043,"Linn County, OR","44.199846,44.793076,-123.2608359,-121.7927739"
41045,"Malheur County, OR","41.9965089,44.444461,-118.2336409,-116.8938013"
41047,"Marion County, OR","44.68384,45.285091,-123.180721,-121.7331041"
41049,"Morrow County, OR","44.993525,45.925456,-120.0083308,-119.1482008"
41051,"Multnomah County, OR","45.4326318,45.7286439,-122.9292061,-121.8196627"
41053,"Polk County, OR","44.719441,45.076199,-123.7260729,-123.0369338"
41055,"Sherman County, OR","45.08295,45.737247,-121.0312019,-120.3576889"
41057,"Tillamook County, OR","45.043981,45.783485,-124.0958329,-123.2992701"
41059,"Umatilla County, OR","44.995887,46.001065,-119.4354928,-117.9729218"
41061,"Union County, OR","44.956257,45.861186,-118.6976839,-117.2662949"
41063,"Wallowa County, OR","45.079022,46.0007319,-117.9777657,-116.4635039"
41065,"Wasco County, OR","44.821568,45.704949,-121.8045392,-120.3714188"
41067,"Washington County, OR","45.3171967,45.7802211,-123.4860591,-122.7436499"
41069,"Wheeler County, OR","44.306662,45.06875,-120.4956479,-119.6521279"
41071,"Yamhill County, OR","45.0736464,45.4339326,-123.7848189,-122.8497597"
42001,"Adams County, PA","39.7197662,40.071747,-77.4703219,-76.9580989"
42003,"Allegheny County, PA","40.195507,40.6744843,-80.3587269,-79.6888668"
42005,"Armstrong County, PA","40.5248639,41.1704156,-79.6926084,-79.2103271"
42007,"Beaver County, PA","40.479832,40.8541385,-80.5193351,-80.1448343"
42009,"Bedford County, PA","39.7224647,40.325272,-78.8082758,-78.1363299"
42011,"Berks County, PA","40.137077,40.676083,-76.4412079,-75.5293791"
42013,"Blair County, PA","40.244797,40.743665,-78.6220019,-78.1167924"
42015,"Bradford County, PA","41.544735,42.0019026,-76.9268567,-76.1171109"
42017,"Bucks County, PA","40.0498029,40.6087173,-75.4839251,-74.7210735"
42019,"Butler County, PA","40.6693104,41.1731125,-80.1652685,-79.6900862"
42021,"Cambria County, PA","40.242664,40.727722,-79.0571819,-78.3511278"
42023,"Cameron County, PA","41.218399,41.619167,-78.4218138,-77.9875029"
42025,"Carbon County, PA","40.735088,41.134026,-75.9977489,-75.4757539"
42027,"Centre County, PA","40.691557,41.2528765,-78.3766739,-77.1438039"
42029,"Chester County, PA","39.7214201,40.2450907,-76.1365778,-75.3609223"
42031,"Clarion County, PA","40.9684303,41.4361495,-79.7004479,-79.207002"
42033,"Clearfield County, PA","40.721958,41.255013,-78.8070979,-78.0398031"
42035,"Clinton County, PA","40.962938,41.4786405,-78.0920719,-77.1401519"
42037,"Columbia County, PA","40.7757,41.310917,-76.6418459,-76.2093049"
42039,"Crawford County, PA","41.481003,41.851479,-80.5194045,-79.6120529"
42041,"Cumberland County, PA","39.944401,40.329826,-77.6182629,-76.8587032"
42043,"Dauphin County, PA","40.122021,40.658901,-77.0289228,-76.5353736"
42045,"Delaware County, PA","39.8023061,40.066303,-75.6015794,-75.2114166"
42047,"Elk County, PA","41.203609,41.630371,-79.0976639,-78.2354579"
42049,"Erie County, PA","41.8489744,42.2677578,-80.5194045,-79.609952"
42051,"Fayette County, PA","39.7206328,40.144089,-80.0107608,-79.2939449"
42053,"Forest County, PA","41.324757,41.6276768,-79.5209268,-78.9577939"
42055,"Franklin County, PA","39.7198248,40.290695,-78.0988225,-77.4529039"
42057,"Fulton County, PA","39.7222406,40.166317,-78.3811734,-77.8632199"
42059,"Greene County, PA","39.7206328,40.0205281,-80.5195214,-79.903189"
42061,"Huntingdon County, PA","40.064026,40.743681,-78.2586589,-77.6743468"
42063,"Indiana County, PA","40.368633,40.911209,-79.4600038,-78.7958218"
42065,"Jefferson County, PA","33.246258,33.843407,-87.3424759,-86.5165099"
42067,"Juniata County, PA","40.266163,40.695171,-77.7501599,-76.9370349"
42069,"Lackawanna County, PA","41.162544,41.644089,-75.8348389,-75.4427799"
42071,"Lancaster County, PA","39.7211039,40.315823,-76.7233729,-75.8756789"
42073,"Lawrence County, PA","40.8512916,41.129177,-80.5193351,-80.0967797"
42075,"Lebanon County, PA","40.196251,40.5551396,-76.6796419,-76.1514209"
42077,"Lehigh County, PA","40.4184845,40.7866862,-75.8900299,-75.3330482"
42079,"Luzerne County, PA","40.901871,41.428181,-76.3198779,-75.5981979"
42081,"Lycoming County, PA","41.068676,41.596779,-77.5990829,-76.4472118"
42083,"McKean County, PA","41.602036,41.999877,-78.9579239,-78.2048339"
42085,"Mercer County, PA","41.0696104,41.490429,-80.5193004,-79.9981609"
42087,"Mifflin County, PA","40.362499,40.846937,-77.8964389,-77.2924038"
42089,"Monroe County, PA","40.813526,41.253632,-75.6474379,-74.9667039"
42091,"Montgomery County, PA","39.976959,40.4468082,-75.6967699,-75.0150939"
42093,"Montour County, PA","40.880936,41.172119,-76.7958679,-76.5123669"
42095,"Northampton County, PA","40.5367673,40.9640212,-75.6086842,-75.050431"
42097,"Northumberland County, PA","40.603764,41.175629,-76.9498209,-76.3800049"
42099,"Perry County, PA","40.177849,40.628418,-77.6714099,-76.9159239"
42101,"Philadelphia County, PA","39.867005,40.1379593,-75.2802788,-74.9558313"
42103,"Pike County, PA","41.081963,41.601959,-75.3593886,-74.6895019"
42105,"Potter County, PA","41.475391,42.0002826,-78.2078019,-77.5977709"
42107,"Schuylkill County, PA","40.496662,40.950562,-76.7011639,-75.7546159"
42109,"Snyder County, PA","40.636044,40.890083,-77.3564379,-76.7989349"
42111,"Somerset County, PA","39.7213612,40.285732,-79.4169238,-78.6568529"
42113,"Sullivan County, PA","41.277184,41.590111,-76.8133469,-76.2217098"
42115,"Susquehanna County, PA","41.642998,41.999169,-76.1469028,-75.4622799"
42117,"Tioga County, PA","41.542419,42.0014596,-77.6097644,-76.8746569"
42119,"Union County, PA","40.807751,41.149223,-77.3641799,-76.8201219"
42121,"Venango County, PA","41.1716584,41.6246556,-79.9996908,-79.4778785"
42123,"Warren County, PA","41.6238956,41.9994979,-79.6129292,-78.9184949"
42125,"Washington County, PA","39.9517814,40.480343,-80.5192166,-79.8387529"
42127,"Wayne County, PA","41.2320723,41.999445,-75.5061459,-75.0435619"
42129,"Westmoreland County, PA","40.039967,40.6805013,-79.9052659,-78.9725799"
42131,"Wyoming County, PA","41.377838,41.653061,-76.2828829,-75.7197269"
42133,"York County, PA","39.7199171,40.2261715,-77.1385649,-76.2385163"
44001,"Bristol County, RI","41.4111505,42.0955392,-71.3816999,-70.756027"
44003,"Kent County, RI","41.5990121,41.768333,-71.7896199,-71.3567869"
44005,"Newport County, RI","41.304023,41.6905011,-71.5115564,-71.0999606"
44007,"Providence County, RI","41.7232498,42.0188529,-71.7992521,-71.3177698"
44009,"Washington County, RI","41.0959868,41.655017,-71.9074126,-71.3805419"
45001,"Abbeville County, SC","34.014626,34.483963,-82.7403789,-82.2399899"
45003,"Aiken County, SC","33.1981545,33.875076,-82.0125269,-81.1873549"
45005,"Allendale County, SC","32.744724,33.157917,-81.6140337,-81.0780719"
45007,"Anderson County, SC","34.209457,34.8195278,-82.9900739,-82.3143839"
45009,"Bamberg County, SC","33.029015,33.439274,-81.2239909,-80.7980729"
45011,"Barnwell County, SC","33.092331,33.49073,-81.7701189,-81.1943129"
45013,"Beaufort County, SC","32.076077,32.7084813,-81.0166239,-80.3630029"
45015,"Berkeley County, SC","32.8209117,33.509132,-80.3621289,-79.4469759"
45017,"Calhoun County, SC","33.466145,33.880161,-81.0605699,-80.4962999"
45019,"Charleston County, SC","32.4928013,33.215019,-80.4519119,-79.2561051"
45021,"Cherokee County, SC","34.839787,35.184113,-81.8746145,-81.3665969"
45023,"Chester County, SC","34.543583,34.822506,-81.4886319,-80.8600389"
45025,"Chesterfield County, SC","34.371101,34.8174835,-80.5620695,-79.7779769"
45027,"Clarendon County, SC","33.430382,33.946999,-80.5343549,-79.8756869"
45029,"Colleton County, SC","32.3954486,33.177235,-81.0780719,-80.232454"
45031,"Darlington County, SC","34.086018,34.535599,-80.2890169,-79.6602479"
45033,"Dillon County, SC","34.245281,34.6212924,-79.6310349,-79.0721744"
45035,"Dorchester County, SC","32.8178085,33.334232,-80.7980729,-80.0789569"
45037,"Edgefield County, SC","33.531948,33.976849,-82.1835099,-81.6519999"
45039,"Fairfield County, SC","34.174564,34.572403,-81.4276729,-80.7698819"
45041,"Florence County, SC","33.775822,34.311066,-80.0730129,-79.3129119"
45043,"Georgetown County, SC","33.0946386,33.780167,-79.6811139,-78.9848188"
45045,"Greenville County, SC","34.483963,35.21554,-82.7643913,-82.1466389"
45047,"Greenwood County, SC","33.953133,34.411125,-82.3342669,-81.8699649"
45049,"Hampton County, SC","32.551089,33.029015,-81.4275202,-80.827246"
45051,"Horry County, SC","33.5691227,34.3001323,-79.3354639,-78.4993009"
45053,"Jasper County, SC","32.0333126,32.753151,-81.2812438,-80.7463316"
45055,"Kershaw County, SC","34.067554,34.616245,-80.8794249,-80.2867129"
45057,"Lancaster County, SC","34.458176,35.0715189,-80.9060129,-80.4122469"
45059,"Laurens County, SC","34.203102,34.7855057,-82.3143839,-81.6446459"
45061,"Lee County, SC","33.952278,34.373207,-80.4816129,-80.0008469"
45063,"Lexington County, SC","33.652653,34.19738,-81.5750729,-80.9252619"
45065,"McCormick County, SC","33.592163,34.081093,-82.5941009,-82.0450439"
45067,"Marion County, SC","33.693886,34.300686,-79.5725399,-79.1282269"
45069,"Marlboro County, SC","34.30117,34.8065654,-79.9345929,-79.4503467"
45071,"Newberry County, SC","34.070827,34.530045,-81.9452359,-81.3171309"
45073,"Oconee County, SC","34.473259,35.0560025,-83.3539978,-82.8229219"
45075,"Orangeburg County, SC","33.177235,33.706913,-81.3730009,-80.2224959"
45077,"Pickens County, SC","34.6207205,35.085699,-82.9427109,-82.4760209"
45079,"Richland County, SC","33.7433572,34.268642,-81.3453139,-80.5992969"
45081,"Saluda County, SC","33.814198,34.186947,-82.0159299,-81.4640269"
45083,"Spartanburg County, SC","34.581783,35.1959577,-82.2266129,-81.7117539"
45085,"Sumter County, SC","33.644142,34.168999,-80.6408159,-79.8941269"
45087,"Union County, SC","34.445633,34.912987,-81.8539809,-81.4165039"
45089,"Williamsburg County, SC","33.304485,33.890884,-80.1041869,-79.3174819"
45091,"York County, SC","34.820656,35.164891,-81.4927749,-80.8652419"
46003,"Aurora County, SD","43.499275,43.938545,-98.8074798,-98.3218918"
46005,"Beadle County, SD","44.196411,44.634151,-98.7069071,-97.8505938"
46007,"Bennett County, SD","42.996238,43.389435,-102.1158218,-101.2276919"
46009,"Bon Homme County, SD","42.762299,43.1694759,-98.1628002,-97.6341859"
46011,"Brookings County, SD","44.196461,44.544968,-97.1285708,-96.4518159"
46013,"Brown County, SD","45.24037,45.9386868,-98.7300108,-97.9787799"
46015,"Brule County, SD","43.499546,43.936012,-99.4686358,-98.7958758"
46017,"Buffalo County, SD","43.933487,44.198231,-99.5735018,-98.9256668"
46019,"Butte County, SD","44.5707574,45.214348,-104.0576979,-102.9576109"
46021,"Campbell County, SD","45.594879,45.943654,-100.5117929,-99.7196658"
46023,"Charles Mix County, SD","42.836925,43.500427,-99.3095018,-98.0667948"
46025,"Clark County, SD","44.543617,45.154522,-97.9829638,-97.4906848"
46027,"Clay County, SD","42.7019758,43.0837382,-97.1607708,-96.8054228"
46029,"Codington County, SD","44.803535,45.154133,-97.4951398,-96.8850328"
46031,"Corson County, SD","45.471336,45.944559,-102.0001829,-100.2982939"
46033,"Custer County, SD","43.476326,43.857052,-104.0554529,-102.6866981"
46035,"Davison County, SD","43.498222,43.850986,-98.3265458,-97.9621428"
46037,"Day County, SD","45.153687,45.589207,-97.9814568,-97.2251048"
46039,"Deuel County, SD","44.5444526,44.9787553,-96.8874128,-96.4512318"
46041,"Dewey County, SD","44.725628,45.472679,-101.5007708,-100.2608718"
46043,"Douglas County, SD","43.195721,43.499809,-98.7094348,-98.1090548"
46045,"Edmunds County, SD","45.243762,45.595306,-99.7110978,-98.7224819"
46047,"Fall River County, SD","43.0004811,43.4770999,-104.0547091,-102.9989916"
46049,"Faulk County, SD","44.896465,45.246471,-99.5751268,-98.7177578"
46051,"Grant County, SD","44.9772,45.329155,-97.2259978,-96.4520258"
46053,"Gregory County, SD","42.997967,43.499725,-99.5330118,-98.4985498"
46055,"Haakon County, SD","43.993664,44.7430746,-102.0119628,-101.0459058"
46057,"Hamlin County, SD","44.543617,44.804668,-97.4920958,-96.8857188"
46059,"Hand County, SD","44.195866,44.897568,-99.3132168,-98.6993868"
46061,"Hanson County, SD","43.497837,43.850948,-97.9661638,-97.6064526"
46063,"Harding County, SD","45.212444,45.945335,-104.0454429,-102.9424609"
46065,"Hughes County, SD","44.098824,44.549889,-100.5797879,-99.5974659"
46067,"Hutchinson County, SD","43.1683384,43.4998942,-98.1136019,-97.3991995"
46069,"Hyde County, SD","44.193073,44.898617,-99.6750028,-99.2986758"
46071,"Jackson County, SD","43.388248,43.994873,-102.1434681,-101.0661088"
46073,"Jerauld County, SD","43.935455,44.198551,-98.9260638,-98.3320078"
46075,"Jones County, SD","43.7111012,44.169754,-101.0686926,-100.338413"
46077,"Kingsbury County, SD","44.19598,44.545341,-97.8529508,-97.1284938"
46079,"Lake County, SD","43.8495575,44.196507,-97.3697048,-96.8874208"
46081,"Lawrence County, SD","44.139,44.6048407,-104.0559269,-103.4519499"
46083,"Lincoln County, SD","43.083432,43.5004953,-96.9248914,-96.4363402"
46085,"Lyman County, SD","43.499416,44.218697,-100.3698428,-99.2818218"
46087,"McCook County, SD","43.499451,43.849987,-97.6090888,-97.1289815"
46089,"McPherson County, SD","45.591057,45.941104,-99.7216188,-98.7244791"
46091,"Marshall County, SD","45.560261,45.9359371,-97.9801638,-97.2268828"
46093,"Meade County, SD","44.139,45.039494,-103.5746919,-101.9999769"
46095,"Mellette County, SD","43.388275,43.8580331,-101.2335522,-100.2146608"
46097,"Miner County, SD","43.849976,44.196411,-97.8505938,-97.3678128"
46099,"Minnehaha County, SD","43.4992113,43.850227,-97.1295149,-96.4531326"
46101,"Moody County, SD","43.848011,44.198395,-96.8898998,-96.4527738"
46103,"Pennington County, SD","43.6849397,44.5082948,-104.0554529,-102.0018309"
46105,"Perkins County, SD","45.038174,45.94545,-102.9604869,-101.9987983"
46107,"Potter County, SD","44.898247,45.246899,-100.4262768,-99.5719378"
46109,"Roberts County, SD","45.299171,45.935991,-97.2313768,-96.4719878"
46111,"Sanborn County, SD","43.850151,44.197399,-98.3320308,-97.8494258"
46113,"Shannon County, SD","43.0108408,43.0153837,-102.5547941,-102.5544473"
46115,"Spink County, SD","44.631629,45.24373,-98.7209168,-97.9766308"
46117,"Stanley County, SD","44.166706,44.782646,-101.1706008,-99.8905028"
46119,"Sully County, SD","44.547683,44.898685,-100.7306439,-99.6739119"
46121,"Todd County, SD","42.99753,43.38913,-101.2280808,-100.1978908"
46123,"Tripp County, SD","42.99788,43.7663195,-100.233304,-99.5320658"
46125,"Turner County, SD","43.083124,43.5001256,-97.4014298,-96.9239014"
46127,"Union County, SD","42.4798925,43.083869,-96.8066641,-96.4402045"
46129,"Walworth County, SD","45.246159,45.595821,-100.4864878,-99.7095718"
46135,"Yankton County, SD","42.7966327,43.169978,-97.6369018,-97.1602141"
46137,"Ziebach County, SD","44.506596,45.4728073,-102.0025019,-101.1366798"
47001,"Anderson County, TN","35.9097483,36.3012275,-84.4511953,-83.9434133"
47003,"Bedford County, TN","35.320904,35.703079,-86.6656189,-86.2354128"
47005,"Benton County, TN","35.810368,36.360893,-88.2250819,-87.9165729"
47007,"Bledsoe County, TN","35.3532104,35.773621,-85.4336399,-84.9052119"
47009,"Blount County, TN","35.460635,35.887089,-84.1884309,-83.6631999"
47011,"Bradley County, TN","34.987569,35.357647,-85.0268249,-84.6970438"
47013,"Campbell County, TN","36.1769895,36.592181,-84.3767779,-83.8995289"
47015,"Cannon County, TN","35.644802,35.966919,-86.2186199,-85.8802639"
47017,"Carroll County, TN","35.789173,36.15062,-88.7097779,-88.1775439"
47019,"Carter County, TN","36.104417,36.510864,-82.3426059,-81.9329939"
47021,"Cheatham County, TN","36.044044,36.455021,-87.2893749,-86.9095919"
47023,"Chester County, TN","35.247494,35.590569,-88.8420639,-88.3557509"
47025,"Claiborne County, TN","36.331863,36.600814,-84.0085273,-83.3692549"
47027,"Clay County, TN","36.403149,36.62645,-85.8133849,-85.2671658"
47029,"Cocke County, TN","35.71328,36.182507,-83.3161469,-82.8985049"
47031,"Coffee County, TN","35.288975,35.704548,-86.2797619,-85.8696899"
47033,"Crockett County, TN","35.6707711,36.0001411,-89.3615846,-88.8930251"
47035,"Cumberland County, TN","35.746559,36.171677,-85.2707978,-84.6794969"
47037,"Davidson County, TN","35.967785,36.420467,-87.0543758,-86.5155879"
47039,"Decatur County, TN","35.3794567,35.850746,-88.2444459,-87.9707179"
47041,"DeKalb County, TN","35.825829,36.131912,-86.0580439,-85.6316679"
47043,"Dickson County, TN","35.960831,36.335152,-87.5662919,-87.1480099"
47045,"Dyer County, TN","35.876835,36.212227,-89.7338206,-89.1569669"
47047,"Fayette County, TN","34.993754,35.403152,-89.6442819,-89.1834409"
47049,"Fentress County, TN","36.144699,36.536777,-85.4976959,-85.0826869"
47051,"Franklin County, TN","34.9883853,35.362888,-86.3306049,-85.8647689"
47053,"Gibson County, TN","35.7911213,36.2226057,-89.2047469,-88.6925563"
47055,"Giles County, TN","34.9917716,35.454346,-87.2321619,-86.8275759"
47057,"Grainger County, TN","36.080711,36.420815,-83.7328639,-83.2551879"
47059,"Greene County, TN","35.921839,36.419056,-83.1733089,-82.5771259"
47061,"Grundy County, TN","35.215179,35.531597,-85.9137879,-85.4854279"
47063,"Hamblen County, TN","36.081318,36.345222,-83.4687809,-83.0828319"
47065,"Hamilton County, TN","34.9829822,35.4591672,-85.4742433,-84.9426568"
47067,"Hancock County, TN","36.387947,36.598187,-83.4721079,-82.8304329"
47069,"Hardeman County, TN","34.993926,35.433167,-89.1982879,-88.7845839"
47071,"Hardin County, TN","34.995463,35.420647,-88.3805079,-87.9839479"
47073,"Hawkins County, TN","36.242111,36.5940975,-83.2890779,-82.6003339"
47075,"Haywood County, TN","35.397259,35.820267,-89.5020354,-89.0703809"
47077,"Henderson County, TN","35.4161,35.822483,-88.6153559,-88.1789779"
47079,"Henry County, TN","36.120621,36.501506,-88.5299839,-87.9906769"
47081,"Hickman County, TN","35.609135,35.993782,-87.7448499,-87.2022779"
47083,"Houston County, TN","36.17804,36.368107,-87.9807818,-87.5187149"
47085,"Humphreys County, TN","35.803703,36.244637,-88.0252529,-87.5338819"
47087,"Jackson County, TN","34.465919,34.991098,-86.3592299,-85.5835154"
47089,"Jefferson County, TN","35.898724,36.192074,-83.7105559,-83.2346799"
47091,"Johnson County, TN","36.261829,36.6146598,-82.0590819,-81.6468999"
47093,"Knox County, TN","35.7943,36.1858316,-84.2729953,-83.6510769"
47095,"Lake County, TN","36.1846542,36.5030792,-89.7055449,-89.3401109"
47097,"Lauderdale County, TN","35.5356488,35.948723,-89.9588819,-89.3418269"
47099,"Lawrence County, TN","34.9993142,35.458061,-87.6138839,-87.1979899"
47101,"Lewis County, TN","35.397648,35.659401,-87.7198559,-87.2716059"
47103,"Lincoln County, TN","34.990677,35.370625,-86.8366926,-86.3159179"
47105,"Loudon County, TN","35.610554,35.903248,-84.5849989,-84.1333309"
47107,"McMinn County, TN","35.237865,35.644951,-84.8599619,-84.4010999"
47109,"McNairy County, TN","34.995252,35.386341,-88.7866119,-88.3637919"
47111,"Macon County, TN","36.409523,36.6399086,-86.2306439,-85.7876032"
47113,"Madison County, TN","34.476662,34.99207,-86.789595,-86.2583009"
47115,"Marion County, TN","34.9830648,35.319492,-85.8728709,-85.3616939"
47117,"Marshall County, TN","35.252621,35.710838,-86.9598769,-86.5971369"
47119,"Maury County, TN","35.410946,35.850948,-87.3527829,-86.7861939"
47121,"Meigs County, TN","35.2857331,35.753208,-85.0309979,-84.6198349"
47123,"Monroe County, TN","36.614994,36.841614,-85.9770359,-85.4363325"
47125,"Montgomery County, TN","36.313435,36.642414,-87.6422788,-87.1149759"
47127,"Moore County, TN","35.122761,35.412632,-86.5311049,-86.2434619"
47129,"Morgan County, TN","35.907455,36.376568,-84.9126128,-84.3432323"
47131,"Obion County, TN","36.200962,36.507147,-89.4857638,-88.8137659"
47133,"Overton County, TN","36.13308,36.581417,-85.1224669,-84.6595309"
47135,"Perry County, TN","35.4230879,35.841404,-88.0432049,-87.6501159"
47137,"Pickett County, TN","36.409584,36.6264296,-85.2852709,-84.7322309"
47139,"Polk County, TN","34.9877983,35.285751,-84.7760535,-84.2922901"
47141,"Putnam County, TN","35.978241,36.306393,-85.8074649,-85.1021799"
47143,"Rhea County, TN","35.409178,35.82523,-85.1465069,-84.7114718"
47145,"Roane County, TN","35.644539,36.0486814,-84.7888949,-84.2628169"
47147,"Robertson County, TN","36.351437,36.652486,-87.1399689,-86.5641429"
47149,"Rutherford County, TN","35.620083,36.10061,-86.7002179,-86.1453779"
47151,"Scott County, TN","36.1629934,36.603372,-84.7853409,-84.2497019"
47153,"Sequatchie County, TN","35.147336,35.567623,-85.6010059,-85.2259084"
47155,"Sevier County, TN","35.562684,36.043266,-83.7945249,-83.2542302"
47157,"Shelby County, TN","34.994188,35.409626,-90.3102979,-89.6330109"
47159,"Smith County, TN","36.083073,36.426073,-86.1368029,-85.7821119"
47161,"Stewart County, TN","36.328651,36.678118,-88.0705319,-87.5925219"
47163,"Sullivan County, TN","36.394619,36.616213,-82.7009429,-81.8266794"
47165,"Sumner County, TN","36.2451048,36.652445,-86.7467499,-86.2072344"
47167,"Tipton County, TN","35.3605353,35.6524221,-90.1792649,-89.4683198"
47169,"Trousdale County, TN","36.294086,36.489159,-86.2853719,-85.9710629"
47171,"Unicoi County, TN","35.953901,36.260529,-82.6150619,-82.2220519"
47173,"Union County, TN","36.164547,36.435699,-84.0124363,-83.6680369"
47175,"Van Buren County, TN","35.532803,35.82288,-85.6139759,-85.2539599"
47177,"Warren County, TN","35.513523,35.854721,-85.9909289,-85.5580519"
47179,"Washington County, TN","36.09705,36.44479,-82.7027819,-82.3001329"
47181,"Wayne County, TN","35.003523,35.494019,-88.0248021,-87.5751799"
47183,"Weakley County, TN","36.06177,36.5029833,-88.9598111,-88.5164269"
47185,"White County, TN","35.768158,36.083431,-85.6828459,-85.2111049"
47187,"Williamson County, TN","35.70631,36.052722,-87.2150339,-86.5995179"
47189,"Wilson County, TN","35.956413,36.357845,-86.5950059,-86.0141979"
48001,"Anderson County, TX","31.503669,32.0844806,-96.064804,-95.2588799"
48003,"Andrews County, TX","32.086848,32.5233719,-103.064742,-102.2110925"
48005,"Angelina County, TX","31.026151,31.5268089,-95.0055023,-94.1295326"
48007,"Aransas County, TX","27.7460055,28.3279581,-97.2578349,-96.7329694"
48009,"Archer County, TX","33.394646,33.835701,-98.9541469,-98.4225079"
48011,"Armstrong County, TX","34.747612,35.18264,-101.6266399,-101.0861659"
48013,"Atascosa County, TX","28.611662,29.2512764,-98.805094,-98.0990068"
48015,"Austin County, TX","29.7806269,29.7807269,-96.1572374,-96.1571374"
48017,"Bailey County, TX","33.8237638,34.310848,-103.0473552,-102.6139529"
48019,"Bandera County, TX","29.553268,29.906763,-99.6033329,-98.7789754"
48021,"Bastrop County, TX","29.784897,30.4189284,-97.6526258,-97.0273509"
48023,"Baylor County, TX","33.396164,33.833691,-99.4756688,-98.9532699"
48025,"Bee County, TX","28.12558,28.718912,-98.0894548,-97.3742068"
48027,"Bell County, TX","30.7531961,31.322445,-97.9109789,-97.0711819"
48029,"Bexar County, TX","29.1142824,29.7607287,-98.8064881,-98.1169494"
48031,"Blanco County, TX","29.9375959,30.498877,-98.5896149,-98.1255648"
48033,"Borden County, TX","32.5252258,32.962734,-101.6915128,-101.1737748"
48035,"Bosque County, TX","31.587223,32.206295,-98.0054549,-97.2772748"
48037,"Bowie County, TX","33.243176,33.7381894,-94.7465721,-94.0428688"
48039,"Brazoria County, TX","28.8100567,29.599104,-95.8721239,-95.0564989"
48041,"Brazos County, TX","30.3306547,30.9738094,-96.6037219,-96.0822679"
48043,"Brewster County, TX","28.97153,30.663689,-103.8004229,-102.3204977"
48045,"Briscoe County, TX","34.311901,34.748405,-101.4722289,-100.9429629"
48047,"Brooks County, TX","26.783312,27.267035,-98.5350109,-97.9844279"
48049,"Brown County, TX","31.449028,32.083843,-99.2029769,-98.6710209"
48051,"Burleson County, TX","30.296368,30.730692,-96.9655839,-96.2776109"
48053,"Burnet County, TX","30.42572,31.0383489,-98.4602969,-97.8285438"
48055,"Caldwell County, TX","29.6311497,30.0713795,-97.8992066,-97.3173449"
48057,"Calhoun County, TX","28.0477524,28.722437,-96.9299619,-96.3232729"
48059,"Callahan County, TX","32.083706,32.515697,-99.6337359,-99.1141588"
48061,"Cameron County, TX","25.83706,26.4142272,-97.8653672,-97.0765209"
48063,"Camp County, TX","32.905689,33.077084,-95.1526028,-94.7245788"
48065,"Carson County, TX","35.182362,35.6202078,-101.6243549,-101.0859312"
48067,"Cass County, TX","32.879115,33.310791,-94.6602629,-94.0427188"
48069,"Castro County, TX","34.309608,34.747917,-102.5268779,-101.9958948"
48071,"Chambers County, TX","29.524617,29.888842,-94.9825075,-94.3540146"
48073,"Cherokee County, TX","31.4258707,32.13755,-95.4609909,-94.8658814"
48075,"Childress County, TX","34.312023,34.747379,-100.4186939,-99.9985437"
48077,"Clay County, TX","33.465168,34.155785,-98.4231719,-97.9487379"
48079,"Cochran County, TX","33.3883211,33.825157,-103.056612,-102.5948483"
48081,"Coke County, TX","31.69199,32.0856444,-100.8253559,-100.2344439"
48083,"Coleman County, TX","31.413605,32.084278,-99.7236709,-99.1978839"
48085,"Collin County, TX","32.982384,33.406002,-96.8461989,-96.2961499"
48087,"Collingsworth County, TX","34.745831,35.183693,-100.5396418,-100.0002924"
48089,"Colorado County, TX","29.246952,29.956831,-96.8734278,-96.1750489"
48091,"Comal County, TX","29.5977863,30.0383845,-98.6461894,-97.999604"
48093,"Comanche County, TX","31.685812,32.259331,-98.9253688,-98.1586609"
48095,"Concho County, TX","31.086908,31.580393,-100.1153558,-99.6047359"
48097,"Cooke County, TX","33.417183,33.955215,-97.4825438,-96.9446789"
48099,"Coryell County, TX","31.0684613,31.709974,-98.17547,-97.4213639"
48101,"Cottle County, TX","33.834976,34.314983,-100.5206148,-99.9987109"
48103,"Crane County, TX","31.084845,31.6515535,-102.7724458,-102.2874669"
48105,"Crockett County, TX","30.287849,31.086203,-102.3762658,-100.9503248"
48107,"Crosby County, TX","33.393974,33.834175,-101.5655289,-101.0405579"
48109,"Culberson County, TX","30.664709,32.000496,-104.9190289,-104.0266618"
48111,"Dallam County, TX","36.0528659,36.5004529,-103.0416534,-102.1583737"
48113,"Dallas County, TX","32.545444,32.990223,-97.0377119,-96.5185389"
48115,"Dawson County, TX","32.5231401,32.961067,-102.2039488,-101.6886677"
48117,"Deaf Smith County, TX","34.746136,35.1833805,-103.0427953,-102.1675949"
48119,"Delta County, TX","33.217552,33.49387,-95.8643189,-95.3089749"
48121,"Denton County, TX","32.984306,33.430748,-97.3954389,-96.8349379"
48123,"DeWitt County, TX","28.8176649,29.381735,-97.7549508,-96.9777219"
48125,"Dickens County, TX","33.396206,33.834976,-101.0425259,-100.5193629"
48127,"Dimmit County, TX","28.197189,28.641676,-100.1118239,-99.3900908"
48129,"Donley County, TX","34.74659,35.183693,-101.0873109,-100.5387729"
48131,"Duval County, TX","27.264389,28.060671,-98.8024668,-98.2337879"
48133,"Eastland County, TX","32.08112,32.517548,-99.1183929,-98.4772568"
48135,"Ector County, TX","31.65129,32.0870197,-102.7994346,-102.2869116"
48137,"Edwards County, TX","29.623606,30.289722,-100.7004748,-99.7575759"
48139,"Ellis County, TX","32.054329,32.550636,-97.0899428,-96.3843078"
48141,"El Paso County, TX","31.3885103,32.002533,-106.6456459,-105.9495469"
48143,"Erath County, TX","31.913294,32.51717,-98.5555039,-97.8629989"
48145,"Falls County, TX","30.988037,31.519159,-97.2781219,-96.5948178"
48147,"Fannin County, TX","33.339397,33.886119,-96.3835449,-95.8434711"
48149,"Fayette County, TX","29.629189,30.162485,-97.3173449,-96.5691219"
48151,"Fisher County, TX","32.521336,32.963461,-100.6642989,-100.1422419"
48153,"Floyd County, TX","33.829655,34.312717,-101.5643768,-101.0422668"
48155,"Foard County, TX","33.7338871,34.2417719,-100.0484576,-99.4744603"
48157,"Fort Bend County, TX","29.261299,29.7893474,-96.0919338,-95.4263768"
48159,"Franklin County, TX","32.96442,33.387524,-95.3104779,-95.1245349"
48161,"Freestone County, TX","31.411516,32.0125957,-96.4997629,-95.7795661"
48163,"Frio County, TX","28.641676,29.0912456,-99.4137269,-98.8034519"
48165,"Gaines County, TX","32.5229343,32.960983,-103.0649158,-102.2026235"
48167,"Galveston County, TX","29.067156,29.601908,-95.2330809,-94.372598"
48169,"Garza County, TX","32.961021,33.396206,-101.5595549,-101.0382882"
48171,"Gillespie County, TX","30.1362426,30.500256,-99.3032506,-98.5855259"
48173,"Glasscock County, TX","31.6513202,32.089649,-101.7760878,-101.2626038"
48175,"Goliad County, TX","28.387709,28.924053,-97.7752856,-97.1516269"
48177,"Gonzales County, TX","29.109547,29.784897,-97.8574285,-97.1288528"
48179,"Gray County, TX","35.182449,35.620766,-101.0861659,-100.5387729"
48181,"Grayson County, TX","33.399479,33.95945,-96.9451069,-96.3772493"
48183,"Gregg County, TX","32.362396,32.662601,-94.9895019,-94.5736308"
48185,"Grimes County, TX","30.2251756,30.8640583,-96.1878218,-95.804142"
48187,"Guadalupe County, TX","29.369345,29.8582073,-98.3121625,-97.631672"
48189,"Hale County, TX","33.823685,34.31242,-102.0908808,-101.5640948"
48191,"Hall County, TX","34.313168,34.747784,-100.9471588,-100.4154509"
48193,"Hamilton County, TX","31.417299,32.016151,-98.4640809,-97.7663649"
48195,"Hansford County, TX","36.054722,36.4995138,-101.6261829,-101.0826869"
48197,"Hardeman County, TX","34.0575091,34.579273,-99.9987508,-99.4746105"
48199,"Hardin County, TX","30.100716,30.527727,-94.7394098,-94.0691149"
48201,"Harris County, TX","29.497339,30.1707336,-95.9643215,-94.9084643"
48203,"Harrison County, TX","32.326927,32.79298,-94.7020109,-94.042961"
48205,"Hartley County, TX","35.6218747,36.056118,-103.0421858,-102.1583737"
48207,"Haskell County, TX","32.956921,33.3989459,-99.9949038,-99.4722438"
48209,"Hays County, TX","29.7524388,30.3562174,-98.2975398,-97.7087173"
48211,"Hemphill County, TX","35.619115,36.057678,-100.5438539,-100.0003429"
48213,"Henderson County, TX","32.0058599,32.360138,-96.4518739,-95.4283739"
48215,"Hidalgo County, TX","26.03634,26.783754,-98.5905509,-97.8611549"
48217,"Hill County, TX","31.71142,32.26889,-97.4944308,-96.7184449"
48219,"Hockley County, TX","33.3883211,33.825157,-102.6154946,-102.0773928"
48221,"Hood County, TX","32.233036,32.555542,-98.0674899,-97.6138229"
48223,"Hopkins County, TX","32.96273,33.377449,-95.8673249,-95.3089749"
48225,"Houston County, TX","30.9258194,31.5928051,-95.7775958,-94.9579322"
48227,"Howard County, TX","32.088093,32.52718,-101.6941678,-101.1739039"
48229,"Hudspeth County, TX","30.62968,32.0023509,-105.9988981,-104.9021609"
48231,"Hunt County, TX","32.839649,33.4090274,-96.3018649,-95.8581764"
48233,"Hutchinson County, TX","35.6190774,36.056721,-101.6245119,-101.0827559"
48235,"Irion County, TX","31.079411,31.526743,-101.2721939,-100.6888279"
48237,"Jack County, TX","33.001122,33.465977,-98.4269869,-97.9204409"
48239,"Jackson County, TX","28.672375,29.264547,-96.9388579,-96.3098299"
48241,"Jasper County, TX","30.243078,31.156942,-94.4601914,-93.8653029"
48243,"Jeff Davis County, TX","30.412079,31.1048292,-104.9802099,-103.4426269"
48245,"Jefferson County, TX","29.5615159,30.189465,-94.4425889,-93.8328307"
48247,"Jim Hogg County, TX","26.783432,27.360992,-98.9579089,-98.4168849"
48249,"Jim Wells County, TX","27.26269,28.060671,-98.2338639,-97.7924419"
48251,"Johnson County, TX","32.135132,32.553333,-97.6154939,-97.0882719"
48253,"Jones County, TX","32.5145792,32.958954,-100.1466368,-99.6138459"
48255,"Karnes County, TX","28.6678543,29.2241182,-98.1891574,-97.5701675"
48257,"Kaufman County, TX","32.357269,32.84306,-96.5323259,-96.0751418"
48259,"Kendall County, TX","29.7162876,30.137501,-98.9216922,-98.4139927"
48261,"Kenedy County, TX","26.598495,27.284893,-97.9867248,-97.2260255"
48263,"Kent County, TX","32.9623996,33.396557,-101.0405579,-100.5192179"
48265,"Kerr County, TX","29.7814041,30.288948,-99.7576679,-98.9176928"
48267,"Kimble County, TX","30.287035,30.711334,-100.1183089,-99.3019559"
48269,"King County, TX","33.396557,33.8361119,-100.5206148,-99.991024"
48271,"Kinney County, TX","29.0833968,29.62364,-100.7969599,-100.1110529"
48273,"Kleberg County, TX","27.212412,27.638176,-98.0588679,-97.1934002"
48275,"Knox County, TX","33.3973463,33.835996,-99.996418,-99.4725784"
48277,"Lamar County, TX","33.377449,33.9434983,-95.8596568,-95.3089749"
48279,"Lamb County, TX","33.823685,34.31144,-102.6154946,-102.0867159"
48281,"Lampasas County, TX","31.0274311,31.4640859,-98.5678018,-97.9065651"
48283,"La Salle County, TX","28.030329,28.644991,-99.3931118,-98.8024668"
48285,"Lavaca County, TX","29.062698,29.632362,-97.2350918,-96.5608058"
48287,"Lee County, TX","30.03562,30.556303,-97.3345479,-96.6496888"
48289,"Leon County, TX","30.9738094,31.6541335,-96.3331378,-95.6552888"
48291,"Liberty County, TX","29.8859415,30.492918,-95.165767,-94.4419939"
48293,"Limestone County, TX","31.223507,31.81945,-96.9328839,-96.2332609"
48295,"Lipscomb County, TX","36.0539609,36.499702,-100.5464629,-100.0003429"
48297,"Live Oak County, TX","28.059513,28.788219,-98.3363039,-97.8083569"
48299,"Llano County, TX","30.489298,30.923946,-98.9646989,-98.3540499"
48301,"Loving County, TX","31.651299,32.000554,-103.9818798,-103.3265194"
48303,"Lubbock County, TX","33.389412,33.829655,-102.0867159,-101.5595549"
48305,"Lynn County, TX","32.959713,33.393974,-102.0781709,-101.5574309"
48307,"McCulloch County, TX","30.938719,31.494308,-99.6053009,-99.0923768"
48309,"McLennan County, TX","31.243355,31.862137,-97.6048278,-96.7999648"
48311,"McMullen County, TX","28.057091,28.644991,-98.8034519,-98.3342509"
48313,"Madison County, TX","30.8264044,31.0944138,-96.2409349,-95.6128451"
48315,"Marion County, TX","32.687893,32.882481,-94.7082439,-94.0429632"
48317,"Martin County, TX","32.086764,32.5252258,-102.2111496,-101.6886677"
48319,"Mason County, TX","30.499434,30.941187,-99.4907459,-98.9598619"
48321,"Matagorda County, TX","28.3693397,29.229151,-96.3979907,-95.5024313"
48323,"Maverick County, TX","28.198971,29.084448,-100.6669744,-100.1107249"
48325,"Medina County, TX","29.0903025,29.6968228,-99.4137269,-98.8045978"
48327,"Menard County, TX","30.710663,31.087179,-100.1167909,-99.4837419"
48329,"Midland County, TX","31.65129,32.0869893,-102.2874669,-101.7758033"
48331,"Milam County, TX","30.4571853,31.114334,-97.3175688,-96.6138148"
48333,"Mills County, TX","31.232496,31.72455,-98.9941409,-98.2622599"
48335,"Mitchell County, TX","32.08511,32.52718,-101.1775889,-100.6642989"
48337,"Montague County, TX","33.430477,33.990124,-97.9802399,-97.4820019"
48339,"Montgomery County, TX","30.0261848,30.6304191,-95.8301578,-95.0966487"
48341,"Moore County, TX","35.619709,36.055889,-102.1629158,-101.6239469"
48343,"Morris County, TX","32.882275,33.376949,-94.8208238,-94.6540759"
48345,"Motley County, TX","33.834175,34.314983,-101.0425259,-100.5121539"
48347,"Nacogdoches County, TX","31.2225491,31.846376,-94.9793009,-94.3049318"
48349,"Navarro County, TX","31.800522,32.329269,-96.8984069,-96.0532909"
48351,"Newton County, TX","30.2419075,31.186731,-93.9192048,-93.5087428"
48353,"Nolan County, TX","32.082035,32.525864,-100.6681139,-100.1466368"
48355,"Nueces County, TX","27.5522464,27.99917,-97.9427109,-97.0279383"
48357,"Ochiltree County, TX","36.056721,36.4997,-101.0907902,-100.5438539"
48359,"Oldham County, TX","35.183147,35.624301,-103.0427748,-102.1629158"
48361,"Orange County, TX","29.864099,30.245201,-94.1188888,-93.6884271"
48363,"Palo Pinto County, TX","32.514088,33.005581,-98.5791019,-98.0566478"
48365,"Panola County, TX","31.971682,32.390686,-94.6023249,-94.0172498"
48367,"Parker County, TX","32.553261,33.002613,-98.0670319,-97.5436249"
48369,"Parmer County, TX","34.3099762,34.7472194,-103.0439474,-102.5254969"
48371,"Pecos County, TX","30.054338,31.375813,-103.5895459,-101.7646099"
48373,"Polk County, TX","30.490921,31.1464938,-95.1977618,-94.5445329"
48375,"Potter County, TX","35.181755,35.6218747,-102.1675949,-101.6240309"
48377,"Presidio County, TX","29.25841,30.62968,-104.9807499,-103.7924554"
48379,"Rains County, TX","32.711788,32.982136,-95.9759829,-95.6312939"
48381,"Randall County, TX","34.747498,35.183281,-102.1726989,-101.6240309"
48383,"Reagan County, TX","31.07938,31.652231,-101.7758033,-101.2654269"
48385,"Real County, TX","29.623661,30.080896,-100.0624539,-99.6030729"
48387,"Red River County, TX","33.317646,33.9632254,-95.3111355,-94.7460018"
48389,"Reeves County, TX","30.764212,32.0001736,-104.1023783,-103.0175548"
48391,"Refugio County, TX","28.071127,28.551645,-97.5354609,-96.758687"
48393,"Roberts County, TX","35.6190774,36.059593,-101.0859312,-100.5412978"
48395,"Robertson County, TX","30.695563,31.359259,-96.8307039,-96.2387538"
48397,"Rockwall County, TX","32.815338,32.984734,-96.5210649,-96.2991788"
48399,"Runnels County, TX","31.572351,32.084068,-100.2377549,-99.7180938"
48401,"Rusk County, TX","31.845911,32.406837,-94.9873049,-94.4536819"
48403,"Sabine County, TX","31.133652,31.609217,-94.0489199,-93.5968319"
48405,"San Augustine County, TX","31.0992976,31.652336,-94.4018249,-93.9867549"
48407,"San Jacinto County, TX","30.3194694,30.905956,-95.3590867,-94.8310009"
48409,"San Patricio County, TX","27.808572,28.179138,-97.9058909,-97.0733884"
48411,"San Saba County, TX","30.921085,31.489635,-99.0940928,-98.4157259"
48413,"Schleicher County, TX","30.702782,31.086908,-100.9638439,-100.1135859"
48415,"Scurry County, TX","32.525864,32.9702393,-101.1760029,-100.6558569"
48417,"Shackelford County, TX","32.5145792,32.957489,-99.6262087,-99.0940479"
48419,"Shelby County, TX","31.567701,31.978302,-94.5124969,-93.7951739"
48421,"Sherman County, TX","36.05442,36.5002911,-102.1627402,-101.6235659"
48423,"Smith County, TX","32.135349,32.681477,-95.5926358,-94.9851609"
48425,"Somervell County, TX","32.089237,32.318832,-97.9464039,-97.6138229"
48427,"Starr County, TX","26.23527,26.785048,-99.1719399,-98.3253939"
48429,"Stephens County, TX","32.695786215019,32.695886215019,-98.716266966209,-98.716166966209"
48431,"Sterling County, TX","31.559137,32.089695,-101.2661129,-100.8152999"
48433,"Stonewall County, TX","32.958595,33.3973463,-100.5193629,-99.991024"
48435,"Sutton County, TX","30.2882696,30.711334,-100.9577939,-100.1167909"
48437,"Swisher County, TX","34.309902,34.748405,-101.9963068,-101.4717479"
48439,"Tarrant County, TX","32.550198,32.995007,-97.5480189,-97.0356828"
48441,"Taylor County, TX","32.082035,32.521336,-100.1533969,-99.6262087"
48443,"Terrell County, TX","29.77909,30.657185,-102.5671459,-101.6459728"
48445,"Terry County, TX","32.959599,33.389412,-102.5949629,-102.0773928"
48447,"Throckmorton County, TX","32.956367,33.3989459,-99.4725784,-98.9523089"
48449,"Titus County, TX","32.980793,33.396534,-95.1287689,-94.8183059"
48451,"Tom Green County, TX","31.086576,31.701685,-101.2666319,-100.1135859"
48453,"Travis County, TX","30.022915,30.627918,-98.1731569,-97.3702972"
48455,"Trinity County, TX","30.823889,31.3869625,-95.4346863,-94.8428546"
48457,"Tyler County, TX","30.525665,31.0591733,-94.6575158,-94.0545039"
48459,"Upshur County, TX","32.518906,32.908108,-95.1526028,-94.6745829"
48461,"Upton County, TX","31.079786,31.6516358,-102.3006739,-101.7747879"
48463,"Uvalde County, TX","29.084448,29.625736,-100.1118999,-99.4132079"
48465,"Val Verde County, TX","29.236841,30.290249,-101.7593213,-100.6980509"
48467,"Van Zandt County, TX","32.355156,32.841141,-96.0774769,-95.4468539"
48469,"Victoria County, TX","28.486465,29.103704,-97.3068389,-96.6587218"
48471,"Walker County, TX","30.5044443,31.058062,-95.8628303,-95.3272715"
48473,"Waller County, TX","29.729187,30.2453392,-96.1922839,-95.8033538"
48475,"Ward County, TX","31.270008,31.65189,-103.6091308,-102.7698587"
48477,"Washington County, TX","30.049086,30.3992219,-96.7931589,-96.0821673"
48479,"Webb County, TX","27.25957,28.2001735,-100.2130261,-98.7997439"
48481,"Wharton County, TX","28.963552,29.632519,-96.6378558,-95.8425599"
48483,"Wheeler County, TX","35.1817204,35.620766,-100.5412978,-100.0002924"
48485,"Wichita County, TX","33.833691,34.213463,-98.9532699,-98.4219128"
48487,"Wilbarger County, TX","33.8317164,34.457752,-99.4756688,-98.9523089"
48489,"Willacy County, TX","26.3004619,26.611507,-98.0027158,-97.1588239"
48491,"Williamson County, TX","30.402915,30.910808,-98.0499426,-97.1551596"
48493,"Wilson County, TX","28.8800913,29.4387588,-98.4071817,-97.7291095"
48495,"Winkler County, TX","31.651299,32.0871111,-103.3275529,-102.798407"
48497,"Wise County, TX","32.992176,33.436207,-97.9206158,-97.3840259"
48499,"Wood County, TX","32.540657,33.012302,-95.6636509,-95.1512829"
48501,"Yoakum County, TX","32.959097,33.3903803,-103.0646788,-102.5940779"
48503,"Young County, TX","32.95369,33.396164,-98.9541469,-98.4225079"
48505,"Zapata County, TX","26.5762843,27.303595,-99.4583917,-98.9576338"
48507,"Zavala County, TX","28.638285,29.0912456,-100.1119609,-99.3931118"
49001,"Beaver County, UT","38.147427,38.573318,-114.0504849,-112.3381119"
49003,"Box Elder County, UT","40.9976628,42.001217,-114.0425529,-111.8679784"
49005,"Cache County, UT","41.3682108,41.999518,-112.1639559,-111.3998109"
49007,"Carbon County, UT","39.467178,39.817047,-111.2468869,-109.8740689"
49009,"Daggett County, UT","40.653595,41.000659,-110.0018389,-109.0482604"
49011,"Davis County, UT","40.7690268,41.1527971,-112.4938404,-111.7389236"
49013,"Duchesne County, UT","39.803612,40.834679,-110.9019389,-109.9724579"
49015,"Emery County, UT","38.499187,39.707561,-111.3069989,-109.9877779"
49017,"Garfield County, UT","37.535084,38.155144,-112.6934359,-109.9266589"
49019,"Grand County, UT","38.499187,39.499691,-110.1787799,-109.0507585"
49021,"Iron County, UT","37.474445,38.151016,-114.0539319,-112.4695969"
49023,"Juab County, UT","39.313183,40.011181,-114.0477829,-111.5829999"
49025,"Kane County, UT","36.999961,37.544891,-112.9059069,-110.6392671"
49027,"Millard County, UT","38.569981,39.553242,-114.0501539,-112.0155719"
49029,"Morgan County, UT","40.7801028,41.3783048,-111.8766027,-111.2197544"
49031,"Piute County, UT","38.146545,38.511395,-112.5204319,-111.7658389"
49033,"Rich County, UT","41.143799,42.0013862,-111.5102054,-111.0457753"
49035,"Salt Lake County, UT","40.414864,40.9218791,-112.2601835,-111.5496899"
49037,"San Juan County, UT","36.997968,38.5000234,-111.4129215,-109.0410727"
49039,"Sanpete County, UT","39.032375,39.81546,-112.0168149,-111.2463299"
49041,"Sevier County, UT","38.500523,39.046474,-112.5212939,-111.2966999"
49043,"Summit County, UT","40.550774,41.253761,-111.6469729,-109.9999159"
49045,"Tooele County, UT","39.903576,41.0761618,-114.0483779,-112.1452029"
49047,"Uintah County, UT","39.461098,40.858509,-110.0448989,-109.0480341"
49049,"Utah County, UT","39.777355,40.578857,-112.2128299,-110.8558579"
49051,"Wasatch County, UT","39.901154,40.690094,-111.6165239,-110.8881149"
49053,"Washington County, UT","36.999961,37.619034,-114.0539319,-112.9022669"
49055,"Wayne County, UT","38.149227,38.5099744,-111.8486249,-109.8843769"
49057,"Weber County, UT","41.0761618,41.4339285,-112.4938404,-111.4204307"
50001,"Addison County, VT","43.7531289,44.302567,-73.4377399,-72.7418368"
50003,"Bennington County, VT","42.7391605,43.314675,-73.2909439,-72.8193443"
50005,"Caledonia County, VT","44.1570196,44.768944,-72.4348678,-71.8378518"
50007,"Chittenden County, VT","44.16153,44.722954,-73.3614295,-72.8037638"
50009,"Essex County, VT","44.3476955,45.0136216,-71.9747918,-71.4653565"
50011,"Franklin County, VT","44.63303,45.016665,-73.2589338,-72.5330198"
50013,"Grand Isle County, VT","44.5634897,45.0134104,-73.3902309,-73.1921158"
50015,"Lamoille County, VT","44.397861,44.801548,-72.9276198,-72.3680948"
50017,"Orange County, VT","43.7709495,44.221073,-72.7917558,-72.0306501"
50019,"Orleans County, VT","44.54274,45.0088297,-72.5786508,-71.8744041"
50021,"Rutland County, VT","43.29129,43.8582272,-73.4312289,-72.7009658"
50023,"Washington County, VT","44.012741,44.505993,-72.9532318,-72.2170656"
50025,"Windham County, VT","42.7269329,43.2624821,-73.0083388,-72.4321959"
50027,"Windsor County, VT","43.2224891,43.961525,-72.9802707,-72.2052073"
51001,"Accomack County, VA","37.4507214,38.0273843,-76.0462949,-75.2312244"
51003,"Albemarle County, VA","37.728546,38.277832,-78.8388058,-78.2078859"
51005,"Alleghany County, VA","37.600494,37.960621,-80.2961379,-79.6070178"
51007,"Amelia County, VA","37.190025,37.4980678,-78.2412869,-77.6488806"
51009,"Amherst County, VA","37.389301,37.815605,-79.4335328,-78.8746259"
51011,"Appomattox County, VA","37.198151,37.557735,-79.0227659,-78.5942602"
51013,"Arlington County, VA","38.82729,38.9342795,-77.1723196,-77.0320855"
51015,"Augusta County, VA","37.88586,38.48059,-79.5336149,-78.7512509"
51017,"Bath County, VA","37.837742,38.268703,-80.0553156,-79.4350508"
51019,"Bedford County, VA","37.009243,37.620758,-79.8576808,-79.1833019"
51021,"Bland County, VA","36.951954,37.302279,-81.4617609,-80.8560328"
51023,"Botetourt County, VA","37.309761,37.801212,-80.0855869,-79.5003358"
51025,"Brunswick County, VA","36.5441672,37.02626,-78.0461996,-77.6576228"
51027,"Buchanan County, VA","37.039356,37.5377829,-82.2985695,-81.7405728"
51029,"Buckingham County, VA","37.3296988,37.7967654,-78.8388208,-78.2492671"
51031,"Campbell County, VA","37.022068,37.435421,-79.4409259,-78.8260418"
51033,"Caroline County, VA","37.775089,38.252686,-77.6428989,-77.0727158"
51035,"Carroll County, VA","36.5579219,36.932259,-81.0470348,-80.4537958"
51036,"Charles City County, VA","37.235157,37.493473,-77.2684079,-76.8723448"
51037,"Charlotte County, VA","36.699703,37.2487678,-78.9090188,-78.4433189"
51041,"Chesterfield County, VA","37.2170631,37.5628607,-77.8784813,-77.2445298"
51043,"Clarke County, VA","38.981899,39.264403,-78.1515048,-77.8280411"
51045,"Craig County, VA","37.319393,37.659473,-80.4756009,-79.9722598"
51047,"Culpeper County, VA","38.311817,38.699875,-78.2336808,-77.6184009"
51049,"Cumberland County, VA","37.3015299,37.7500873,-78.465101,-78.0711602"
51051,"Dickenson County, VA","36.956047,37.3072372,-82.5522061,-82.1363978"
51053,"Dinwiddie County, VA","36.873314,37.2703033,-77.9004589,-77.3979259"
51057,"Essex County, VA","37.737999,38.154697,-77.1691058,-76.6810228"
51059,"Fairfax County, VA","38.6039507,39.0576331,-77.5370407,-77.0405697"
51061,"Fauquier County, VA","38.408882,39.015366,-78.1316528,-77.5271069"
51063,"Floyd County, VA","36.709606,37.128075,-80.6339108,-80.1055758"
51065,"Fluvanna County, VA","37.6910761,38.007034,-78.49045,-78.0612009"
51067,"Franklin County, VA","36.780773,37.232857,-80.2354969,-79.5943148"
51069,"Frederick County, VA","39.010166,39.466012,-78.5413412,-78.0328409"
51071,"Giles County, VA","37.147606,37.4816738,-81.0098948,-80.4279939"
51073,"Gloucester County, VA","37.2440797,37.600685,-76.7045818,-76.3797228"
51075,"Goochland County, VA","37.5628607,37.9069884,-78.1591268,-77.6174929"
51077,"Grayson County, VA","36.559118,36.807041,-81.677622,-80.8376409"
51079,"Greene County, VA","38.185764,38.480644,-78.6590809,-78.2892378"
51081,"Greensville County, VA","36.5447338,36.89579,-77.7664249,-77.2969128"
51083,"Halifax County, VA","36.541533,37.061115,-79.2185439,-78.5421748"
51085,"Hanover County, VA","37.539116,38.008057,-77.8004378,-77.1083369"
51087,"Henrico County, VA","37.35305,37.709114,-77.6555328,-77.1787408"
51089,"Henry County, VA","36.5419452,36.855568,-80.0957028,-79.6407468"
51091,"Highland County, VA","38.180294,38.59198,-79.8101539,-79.3048398"
51093,"Isle of Wight County, VA","36.6440574,37.142162,-76.9302719,-76.4845888"
51095,"James City County, VA","37.167114,37.461929,-76.9160918,-76.5778029"
51097,"King and Queen County, VA","37.442707,37.972389,-77.1878129,-76.6457748"
51099,"King George County, VA","38.1419824,38.4009021,-77.3508528,-76.9973697"
51101,"King William County, VA","37.517594,37.908161,-77.3494949,-76.7784419"
51103,"Lancaster County, VA","37.609779,37.841335,-76.6332469,-76.2744058"
51105,"Lee County, VA","36.5937291,36.8932276,-83.6754129,-82.7697448"
51107,"Loudoun County, VA","38.8462511,39.3244371,-77.9611888,-77.3281739"
51109,"Louisa County, VA","37.733147,38.152229,-78.3058468,-77.6877748"
51111,"Lunenburg County, VA","36.778419,37.11995,-78.4933698,-78.0086589"
51113,"Madison County, VA","38.231541,38.627861,-78.4504008,-78.0904619"
51115,"Mathews County, VA","37.2955173,37.5249593,-76.4496308,-76.2457158"
51117,"Mecklenburg County, VA","36.540981,36.891697,-78.7373348,-78.0300668"
51119,"Middlesex County, VA","37.519253,37.767826,-76.7547909,-76.2942958"
51121,"Montgomery County, VA","36.977131,37.361332,-80.6147768,-80.1762158"
51125,"Nelson County, VA","37.535564,38.045967,-79.1718218,-78.6512449"
51127,"New Kent County, VA","37.377728,37.630825,-77.2429198,-76.7546158"
51131,"Northampton County, VA","37.0800981,37.557106,-76.0275648,-75.6673579"
51133,"Northumberland County, VA","37.687897,38.0349547,-76.6368712,-76.2364114"
51135,"Nottoway County, VA","36.985214,37.29622,-78.2391339,-77.8018419"
51137,"Orange County, VA","38.119217,38.392788,-78.3691178,-77.7042768"
51139,"Page County, VA","38.421574,38.829105,-78.6857448,-78.2834849"
51141,"Patrick County, VA","36.5424785,36.872082,-80.6258089,-80.0411988"
51143,"Pittsylvania County, VA","36.5407896,37.137444,-79.7148579,-79.0923608"
51145,"Powhatan County, VA","37.4140115,37.692627,-78.1322827,-77.6531542"
51147,"Prince Edward County, VA","37.078171,37.3980619,-78.6925336,-78.2312339"
51149,"Prince George County, VA","36.992897,37.3149183,-77.4052198,-76.9851609"
51153,"Prince William County, VA","38.501053,38.9427914,-77.7169339,-77.2202267"
51155,"Pulaski County, VA","36.879482,37.246708,-80.9328078,-80.5148768"
51157,"Rappahannock County, VA","38.522438,38.863247,-78.3393018,-77.9307018"
51159,"Richmond County, VA","37.797447,38.125423,-76.9366298,-76.5113828"
51161,"Roanoke County, VA","37.111229,37.417641,-80.2627108,-79.8430858"
51163,"Rockbridge County, VA","37.536465,38.086716,-79.6842499,-79.1424099"
51165,"Rockingham County, VA","38.208176,38.850102,-79.2214059,-78.4870759"
51167,"Russell County, VA","36.71196,37.141743,-82.4077068,-81.7783128"
51169,"Scott County, VA","36.593461,36.885506,-82.9850327,-82.2929812"
51171,"Shenandoah County, VA","38.604946,39.101498,-78.8692759,-78.2981338"
51173,"Smyth County, VA","36.635075,37.017151,-81.8338169,-81.2621918"
51175,"Southampton County, VA","36.5438253,36.997852,-77.5031049,-76.8182908"
51177,"Spotsylvania County, VA","37.991753,38.377838,-77.9600218,-77.3666528"
51179,"Stafford County, VA","38.242168,38.590603,-77.6341548,-77.2862127"
51181,"Surry County, VA","36.944302,37.240982,-77.1549528,-76.6650699"
51183,"Sussex County, VA","36.707642,37.107571,-77.6201929,-76.9532848"
51185,"Tazewell County, VA","36.931862,37.3376744,-81.9039919,-81.2251039"
51187,"Warren County, VA","38.758072,39.036613,-78.3886718,-78.0045169"
51191,"Washington County, VA","36.594213,36.929512,-82.3329539,-81.6051558"
51193,"Westmoreland County, VA","37.9663923,38.2780764,-77.0660858,-76.516206"
51195,"Wise County, VA","36.798691,37.2037157,-82.8786389,-82.2988359"
51197,"Wythe County, VA","36.759686,37.074383,-81.3800658,-80.7372968"
51199,"York County, VA","37.091894,37.3771209,-76.7556609,-76.3304169"
51510,"Alexandria city, VA","38.7844847,38.845011,-77.1445158,-77.0370368"
51515,"Bedford city, VA","37.4417548,37.4418548,-79.5514739,-79.5513739"
51520,"Bristol city, VA","36.59469,36.638542,-82.2433819,-82.1057418"
51530,"Buena Vista city, VA","37.695735,37.761563,-79.3826419,-79.3274909"
51540,"Charlottesville city, VA","37.3834727,38.6634727,-79.0985221,-77.8185221"
51550,"Chesapeake city, VA","36.550447,36.866549,-76.4914989,-76.0655529"
51570,"Colonial Heights city, VA","37.2331574,37.2985494,-77.4318043,-77.3620813"
51580,"Covington city, VA","37.748244,37.813585,-80.0089939,-79.9660269"
51590,"Danville city, VA","36.5408292,36.644537,-79.5193009,-79.3025829"
51595,"Emporia city, VA","36.0537606,37.3337606,-78.1757141,-76.8957141"
51600,"Fairfax city, VA","38.832797,38.871692,-77.3350518,-77.2686238"
51610,"Falls Church city, VA","38.872635,38.8962351,-77.1941068,-77.1495588"
51620,"Franklin city, VA","36.647146,36.708653,-76.9694339,-76.9096739"
51630,"Fredericksburg city, VA","38.270275,38.326611,-77.5288999,-77.4480969"
51640,"Galax city, VA","36.62533,36.695963,-80.9500209,-80.8772739"
51650,"Hampton city, VA","36.924772,37.121231,-76.4513393,-76.1337479"
51660,"Harrisonburg city, VA","38.9098327,38.9498327,-78.8541892,-78.8141892"
51670,"Hopewell city, VA","36.640149,37.920149,-77.9348783,-76.6548783"
51678,"Lexington city, VA","37.765126,37.795115,-79.4619169,-79.4149479"
51680,"Lynchburg city, VA","37.33258,37.469304,-79.2717679,-79.0852439"
51683,"Manassas city, VA","38.103235,39.383235,-78.1146953,-76.8346953"
51685,"Manassas Park city, VA","38.7535673,38.788248,-77.4789109,-77.4205974"
51690,"Martinsville city, VA","36.646004,36.714367,-79.9054178,-79.8295288"
51700,"Newport News city, VA","36.930691,37.220645,-76.6460929,-76.3616099"
51710,"Norfolk city, VA","36.2018147,37.4818147,-76.8317815,-75.5517815"
51720,"Norton city, VA","36.899742,36.956806,-82.6556169,-82.5891569"
51730,"Petersburg city, VA","36.5462609,37.8262609,-77.9868237,-76.7068237"
51735,"Poquoson city, VA","37.096844,37.197838,-76.4138292,-76.1349409"
51740,"Portsmouth city, VA","36.674907,36.699678,-76.4132249,-76.4004989"
51750,"Radford city, VA","37.089603,37.151059,-80.5963889,-80.5069749"
51760,"Richmond city, VA","36.879591,38.159591,-78.0321036,-76.7521036"
51770,"Roanoke city, VA","37.21059,37.339272,-80.0380398,-79.8786538"
51775,"Salem city, VA","37.251892,37.323589,-80.1204218,-80.0133669"
51790,"Staunton city, VA","38.121112,38.1991462,-79.1136402,-79.011331"
51800,"Suffolk city, VA","36.256537,37.536537,-77.0517903,-75.7717903"
51810,"Virginia Beach city, VA","35.9543204,37.2343204,-76.5276014,-75.2476014"
51820,"Waynesboro city, VA","37.4309693,38.7109693,-79.5140901,-78.2340901"
51830,"Williamsburg city, VA","36.6415351,37.9215351,-77.3284676,-76.0484676"
51840,"Winchester city, VA","39.13097,39.204733,-78.2007309,-78.1369529"
53001,"Adams County, WA","46.735406,47.261742,-119.3704758,-117.9582818"
53003,"Asotin County, WA","45.996074,46.462314,-117.4800449,-116.9174297"
53005,"Benton County, WA","45.8359836,46.727396,-119.8770434,-118.9394441"
53007,"Chelan County, WA","47.260873,48.550725,-121.1807129,-119.8597079"
53009,"Clallam County, WA","47.866821,48.4934444,-124.8360915,-122.8971574"
53011,"Clark County, WA","45.5437226,46.0596577,-122.7962495,-122.2451761"
53013,"Columbia County, WA","45.998887,46.624772,-118.2426399,-117.6031129"
53015,"Cowlitz County, WA","45.8515104,46.386227,-123.2204739,-122.2387309"
53017,"Douglas County, WA","47.220053,48.150188,-120.3180839,-118.9527208"
53019,"Ferry County, WA","47.830363,49.0000919,-118.8699389,-118.1023248"
53021,"Franklin County, WA","46.1925494,46.7391,-119.4566641,-118.1982279"
53023,"Garfield County, WA","45.997829,46.7028785,-117.8632609,-117.2287579"
53025,"Grant County, WA","46.625243,47.962152,-120.0428659,-118.9735018"
53027,"Grays Harbor County, WA","46.790956,47.532619,-124.4716182,-123.1620345"
53029,"Island County, WA","47.8174478,48.4156353,-122.9889864,-122.3284629"
53031,"Jefferson County, WA","47.515293,48.2932014,-124.7016083,-122.5976398"
53033,"King County, WA","47.0813897,47.782445,-122.5431458,-121.0682344"
53035,"Kitsap County, WA","47.4025419,47.9695821,-123.0376475,-122.4319999"
53037,"Kittitas County, WA","46.7364666,47.597135,-121.4656412,-119.9256049"
53039,"Klickitat County, WA","45.606098,46.044933,-121.6112519,-119.8662648"
53041,"Lewis County, WA","46.381271,46.7944529,-123.3708977,-121.3527355"
53043,"Lincoln County, WA","47.260378,47.957707,-118.9795178,-117.8194049"
53045,"Mason County, WA","47.081997,47.607742,-123.5060389,-122.8002328"
53047,"Okanogan County, WA","47.940809,49.0005675,-120.8857169,-118.8351969"
53049,"Pacific County, WA","46.234949,46.7945807,-124.1674075,-123.3574247"
53051,"Pend Oreille County, WA","48.0455148,49.0004709,-117.6299166,-117.0294252"
53053,"Pierce County, WA","46.7287986,47.4038582,-122.852995,-121.3716538"
53055,"San Juan County, WA","48.2800656,48.8312222,-123.2678888,-122.7015394"
53057,"Skagit County, WA","48.295548,48.659756,-122.7596468,-120.6853919"
53059,"Skamania County, WA","45.5485715,46.388879,-122.2499742,-121.5144021"
53061,"Snohomish County, WA","47.7762262,48.2977706,-122.4425679,-120.9062109"
53063,"Spokane County, WA","47.259272,48.047691,-117.8236948,-117.0398819"
53065,"Stevens County, WA","47.790867,49.0007364,-118.3991238,-117.4325488"
53067,"Thurston County, WA","46.7625651,47.19047,-123.2059345,-122.1937203"
53069,"Wahkiakum County, WA","46.144632,46.385513,-123.7414488,-123.2126688"
53071,"Walla Walla County, WA","45.999855,46.607114,-119.0363918,-117.9912919"
53073,"Whatcom County, WA","48.6352542,49.0024392,-123.3222396,-120.6546759"
53075,"Whitman County, WA","46.417046,47.260449,-118.2493889,-117.0393979"
53077,"Yakima County, WA","46.040098,47.0892346,-121.5239378,-119.8654242"
54001,"Barbour County, WV","38.947163,39.302048,-80.2288739,-79.8055799"
54003,"Berkeley County, WV","39.264403,39.622517,-78.2299119,-77.8234219"
54005,"Boone County, WV","37.764561,38.231892,-81.9813688,-81.4511569"
54007,"Braxton County, WV","38.504856,38.906261,-81.0312188,-80.4424508"
54009,"Brooke County, WV","40.1597206,40.3997599,-80.6802511,-80.5190578"
54011,"Cabell County, WV","38.228786,38.5988215,-82.5079032,-82.0469059"
54013,"Calhoun County, WV","38.613373,39.044132,-81.2801588,-80.9853359"
54015,"Clay County, WV","38.264324,38.667313,-81.2829898,-80.8186718"
54017,"Doddridge County, WV","39.090221,39.4506,-80.9150389,-80.5276489"
54019,"Fayette County, WV","37.8178939,38.264324,-81.3804858,-80.7500758"
54021,"Gilmer County, WV","38.717999,39.108143,-81.0577768,-80.6082528"
54023,"Grant County, WV","38.811817,39.3277571,-79.4870923,-78.9845578"
54025,"Greenbrier County, WV","37.68676,38.267479,-80.8931808,-79.9600299"
54027,"Hampshire County, WV","39.089138,39.5396976,-78.9845578,-78.3389579"
54029,"Hancock County, WV","40.3946712,40.638801,-80.6679569,-80.5189909"
54031,"Hardy County, WV","38.760213,39.240845,-79.1322709,-78.5076219"
54033,"Harrison County, WV","39.100128,39.468376,-80.6037519,-80.1655429"
54035,"Jackson County, WV","38.554749,39.0931031,-81.912127,-81.5031738"
54037,"Jefferson County, WV","39.132132,39.4992739,-78.0332028,-77.7190289"
54039,"Kanawha County, WV","37.967209,38.6273,-81.9158399,-81.1945498"
54041,"Lewis County, WV","38.722614,39.167431,-80.7300718,-80.3021769"
54043,"Lincoln County, WV","37.946068,38.376484,-82.3029398,-81.7984008"
54045,"Logan County, WV","37.643204,38.028698,-82.1954799,-81.6083978"
54047,"McDowell County, WV","37.201483,37.549023,-81.9965779,-81.3054428"
54049,"Marion County, WV","39.384544,39.642265,-80.4979928,-79.9372408"
54051,"Marshall County, WV","39.720669,40.0333825,-80.8702099,-80.5190888"
54053,"Mason County, WV","38.474987,39.0299191,-82.2217006,-81.7736819"
54055,"Mercer County, WV","37.234874,37.596188,-81.3621559,-80.8494509"
54057,"Mineral County, WV","39.240845,39.6484242,-79.2718989,-78.6575728"
54059,"Mingo County, WV","37.5125806,37.975819,-82.4204839,-81.7984849"
54061,"Monongalia County, WV","39.435753,39.7211642,-80.4217254,-79.7618558"
54063,"Monroe County, WV","37.372363,37.730267,-80.8595559,-80.2209839"
54065,"Morgan County, WV","39.392891,39.6960102,-78.4685359,-78.0220481"
54067,"Nicholas County, WV","38.078995,38.557648,-81.2336499,-80.4370648"
54069,"Ohio County, WV","40.0162069,40.1859899,-80.7390429,-80.5190577"
54071,"Pendleton County, WV","38.411876,38.957317,-79.6435009,-79.0575539"
54073,"Pleasants County, WV","39.268223,39.474838,-81.3718847,-81.0100168"
54075,"Pocahontas County, WV","38.036545,38.741676,-80.3647919,-79.6163639"
54077,"Preston County, WV","39.194819,39.7209973,-79.9002528,-79.4763817"
54079,"Putnam County, WV","38.269722,38.685535,-82.0628509,-81.6981049"
54081,"Raleigh County, WV","37.508404,37.992477,-81.5699308,-80.8774639"
54083,"Randolph County, WV","38.388119,39.116581,-80.2798538,-79.3493579"
54085,"Ritchie County, WV","39.001339,39.388321,-81.3322908,-80.8096999"
54087,"Roane County, WV","38.522278,38.940475,-81.5476229,-81.0840529"
54089,"Summers County, WV","37.429568,37.868561,-81.0923078,-80.6625289"
54091,"Taylor County, WV","39.234909,39.451649,-80.2051319,-79.8937678"
54093,"Tucker County, WV","38.964249,39.271778,-79.8360978,-79.2903749"
54095,"Tyler County, WV","39.294823,39.6069459,-81.1214721,-80.6199799"
54097,"Upshur County, WV","38.686169,39.1124,-80.4123308,-80.0459898"
54099,"Wayne County, WV","37.844009,38.4218619,-82.6447389,-82.1921769"
54101,"Webster County, WV","38.226486,38.739216,-80.6790009,-80.1838989"
54103,"Wetzel County, WV","39.430073,39.7212492,-80.9465982,-80.3916628"
54105,"Wirt County, WV","38.895912,39.184692,-81.5806268,-81.1619488"
54107,"Wood County, WV","39.024586,39.4104335,-81.7563044,-81.239548"
54109,"Wyoming County, WV","37.413322,37.793858,-81.8570938,-81.2205119"
55001,"Adams County, WI","43.641068,44.2494792,-90.0264589,-89.5972289"
55003,"Ashland County, WI","45.981495,47.0807374,-90.9300159,-90.3038409"
55005,"Barron County, WI","45.206688,45.639977,-92.1579854,-91.5394818"
55007,"Bayfield County, WI","46.154953,47.0034579,-91.5579377,-90.7505766"
55009,"Brown County, WI","44.240147,44.6798578,-88.2525634,-87.7584804"
55011,"Buffalo County, WI","44.025315,44.597931,-92.0811259,-91.5285418"
55013,"Burnett County, WI","45.639446,46.1591215,-92.8870026,-92.0308149"
55015,"Calumet County, WI","43.891449,44.2440903,-88.4044264,-88.0416179"
55017,"Chippewa County, WI","44.856113,45.292156,-91.6666789,-90.9222488"
55019,"Clark County, WI","44.422123,45.033859,-90.9232708,-90.3146968"
55021,"Columbia County, WI","43.2815158,43.643585,-89.7865679,-89.0037769"
55023,"Crawford County, WI","42.9960738,43.425031,-91.2149898,-90.665771"
55025,"Dane County, WI","42.8448769,43.2940373,-89.8394169,-89.0094259"
55027,"Dodge County, WI","43.1940554,43.633587,-89.0094378,-88.4007718"
55029,"Door County, WI","44.6749623,45.4298524,-87.7368642,-86.7639559"
55031,"Douglas County, WI","46.1570543,46.757491,-92.2938569,-91.5511558"
55033,"Dunn County, WI","44.683601,45.2092164,-92.1583744,-91.6496349"
55035,"Eau Claire County, WI","44.596024,44.857601,-91.6505128,-90.9213938"
55037,"Florence County, WI","45.71315,46.021192,-88.6844018,-88.0582529"
55039,"Fond du Lac County, WI","43.542896,43.938759,-88.8861848,-88.1597368"
55041,"Forest County, WI","45.3769286,46.0737269,-89.0477519,-88.4254069"
55043,"Grant County, WI","42.5070726,43.211629,-91.1592788,-90.4271786"
55045,"Green County, WI","42.500007,42.8596407,-89.8383805,-89.3653061"
55047,"Green Lake County, WI","43.631752,43.983574,-89.2455898,-88.8854111"
55049,"Iowa County, WI","42.8135882,43.2098236,-90.4308045,-89.8375168"
55051,"Iron County, WI","45.981495,46.590041,-90.5517729,-89.9282229"
55053,"Jackson County, WI","44.070843,44.596985,-91.1662218,-90.3123088"
55055,"Jefferson County, WI","42.8430003,43.1986455,-89.0131908,-88.5403817"
55057,"Juneau County, WI","43.640697,44.24971,-90.3128199,-89.7859729"
55059,"Kenosha County, WI","42.4926464,42.669757,-88.3023947,-87.8004426"
55061,"Kewaunee County, WI","44.327087,44.677452,-87.7665019,-87.3738563"
55063,"La Crosse County, WI","43.725307,44.09058,-91.4251878,-90.9105218"
55065,"Lafayette County, WI","42.5055493,42.8142764,-90.4282927,-89.8371359"
55067,"Langlade County, WI","45.0288417,45.4701339,-89.4258039,-88.6381851"
55069,"Lincoln County, WI","45.118946,45.556198,-90.0465469,-89.4228748"
55071,"Manitowoc County, WI","43.891266,44.327698,-88.0436548,-87.5049145"
55073,"Marathon County, WI","44.681183,45.120609,-90.3169289,-89.2233538"
55075,"Marinette County, WI","44.964287,45.795637,-88.4283449,-87.4886371"
55077,"Marquette County, WI","43.642292,43.982952,-89.6000289,-89.1650998"
55078,"Menominee County, WI","44.8554359,45.1180123,-88.9821407,-88.4835509"
55079,"Milwaukee County, WI","42.8420396,43.1925499,-88.0699026,-87.8260799"
55081,"Monroe County, WI","43.725353,44.160942,-90.9739069,-90.3114549"
55083,"Oconto County, WI","44.672395,45.378662,-88.6799999,-87.7601765"
55085,"Oneida County, WI","45.466774,45.90137,-90.0447999,-89.0466769"
55087,"Outagamie County, WI","44.241988,44.5906088,-88.7397685,-88.189981"
55089,"Ozaukee County, WI","43.1917115,43.5394357,-88.0634059,-87.7907157"
55091,"Pepin County, WI","44.4060382,44.684513,-92.3160558,-91.6500778"
55093,"Pierce County, WI","44.53941,44.8621686,-92.8079879,-92.1348798"
55095,"Polk County, WI","45.2086294,45.7286,-92.8881138,-92.1541138"
55097,"Portage County, WI","44.2432566,44.685833,-89.8451292,-89.223414"
55099,"Price County, WI","45.377041,45.982327,-90.6794508,-90.0418929"
55101,"Racine County, WI","42.612252,42.8435185,-88.3063046,-87.7587234"
55103,"Richland County, WI","43.164036,43.5550407,-90.6716237,-90.1916259"
55105,"Rock County, WI","42.4919436,42.8463115,-89.3688286,-88.774342"
55107,"Rusk County, WI","45.291824,45.639233,-91.5412978,-90.6783748"
55109,"St. Croix County, WI","44.8574645,45.2095564,-92.8030788,-92.1372105"
55111,"Sauk County, WI","43.146019,43.64196,-90.3126679,-89.591832"
55113,"Sawyer County, WI","45.63776,46.158352,-91.5521009,-90.6772769"
55115,"Shawano County, WI","44.584719,45.029648,-89.2245249,-88.2426436"
55117,"Sheboygan County, WI","43.5389068,43.892588,-88.1622238,-87.69084"
55119,"Taylor County, WI","45.030804,45.381908,-90.9271388,-90.0418929"
55121,"Trempealeau County, WI","43.984104,44.596985,-91.6141888,-91.1517108"
55123,"Vernon County, WI","43.4224089,43.731304,-91.2732519,-90.3109954"
55125,"Vilas County, WI","45.85902,46.2997219,-90.0441889,-88.9329118"
55127,"Walworth County, WI","42.4919436,42.8462499,-88.7760082,-88.3015215"
55129,"Washburn County, WI","45.63776,46.1576873,-92.0510248,-91.5401608"
55131,"Washington County, WI","43.1921852,43.543499,-88.4187319,-88.0400539"
55133,"Waukesha County, WI","42.8419536,43.1961883,-88.5415385,-88.0634059"
55135,"Waupaca County, WI","44.242466,44.6814452,-89.2245568,-88.6050719"
55137,"Waushara County, WI","43.981998,44.245781,-89.5981139,-88.8858686"
55139,"Winnebago County, WI","43.892303,44.2443198,-88.8866782,-88.4032899"
55141,"Wood County, WI","44.2478919,44.685371,-90.3171918,-89.7243499"
56001,"Albany County, WY","40.997624,42.4329114,-106.3250808,-105.2681118"
56003,"Big Horn County, WY","44.165588,45.0012627,-108.6221469,-107.1436078"
56005,"Campbell County, WY","43.494606,45.0003626,-106.0218348,-105.0759958"
56007,"Carbon County, WY","41.0008255,42.434895,-107.9326098,-106.0708078"
56009,"Converse County, WY","42.290215,43.500759,-106.0765228,-104.8915478"
56011,"Crook County, WY","44.179134,45.0003626,-105.0873969,-104.0545599"
56013,"Fremont County, WY","42.259571,44.009157,-110.0536369,-107.4941248"
56015,"Goshen County, WY","41.5655174,42.6128155,-104.6545638,-104.052495"
56017,"Hot Springs County, WY","43.459324,44.080959,-109.3129489,-107.5954358"
56019,"Johnson County, WY","43.49371,44.565327,-107.3719558,-106.0076138"
56021,"Laramie County, WY","40.9980694,41.656742,-105.2774428,-104.0521599"
56023,"Lincoln County, WY","41.577492,43.316096,-111.0468478,-110.0454938"
56025,"Natrona County, WY","42.430462,43.49995,-107.5428848,-106.0671078"
56027,"Niobrara County, WY","42.609776,43.503673,-104.9019238,-104.0525829"
56029,"Park County, WY","43.801156,45.0034186,-111.0553309,-108.5505619"
56031,"Platte County, WY","41.651012,42.611359,-105.2820968,-104.6506038"
56033,"Sheridan County, WY","44.558125,45.0012627,-107.9106806,-106.0075988"
56035,"Sublette County, WY","42.263275,43.464942,-110.6261438,-109.0433038"
56037,"Sweetwater County, WY","40.9971178,42.270546,-110.0539248,-107.4994048"
56039,"Teton County, WY","43.23499,44.666805,-111.0553309,-110.0510309"
56041,"Uinta County, WY","40.994879,41.579437,-111.0467229,-110.0474398"
56043,"Washakie County, WY","43.498779,44.168455,-108.5508149,-107.1077188"
56045,"Weston County, WY","43.498093,44.181488,-105.0850678,-104.0545537"
01,Alabama,"30.1375221,35.0081121,-88.4731354,-84.8882459"
02,Alaska,"51.0228712,71.6048217,-179.9999999,180"
04,Arizona,"31.332177,37.00426,-114.8183583,-109.0452"
05,Arkansas,"33.004106,36.4996,-94.617812,-89.6422485"
06,California,"32.5295236,42.009499,-124.4820029,-114.1307815"
08,Colorado,"36.992426,41.00236,-109.0601878,-102.0415849"
09,Connecticut,"40.9508815,42.050587,-73.7277749,-71.7869939"
10,Delaware,"38.4511276,39.8394337,-75.7890401,-74.9849354"
11,District of Columbia,"38.7916303,38.9958524,-77.1197662,-76.9093659"
12,Florida,"24.396308,31.000968,-87.6348959,-79.9743059"
13,Georgia,"30.355757,35.0008288,-85.60512,-80.751432"
15,Hawaii,"18.864031,28.517269,-178.4435929,-154.757659"
16,Idaho,"41.988057,49.0008447,-117.2430323,-111.0435639"
17,Illinois,"36.9701313,42.5082426,-91.5130517,-87.0199243"
18,Indiana,"37.771742,41.761368,-88.0997018,-84.7846089"
19,Iowa,"40.3756007,43.5011333,-96.6397161,-90.1400608"
20,Kansas,"36.993125,40.003095,-102.0517562,-94.5882048"
21,Kentucky,"36.496719,39.1477997,-89.5715089,-81.9645412"
22,Louisiana,"28.855127,33.0194557,-94.0431469,-88.7583879"
23,Maine,"42.9222206,47.4598397,-71.0841693,-66.8854161"
24,Maryland,"37.8856427,39.7229331,-79.4871911,-74.9851722"
25,Massachusetts,"41.1888589,42.8867135,-73.5081419,-69.8601041"
26,Michigan,"41.6961536,48.306063,-90.4186201,-82.1228055"
27,Minnesota,"43.4994288,49.3844901,-97.2392618,-89.4833849"
28,Mississippi,"30.1477908,34.996052,-91.6550089,-88.0976405"
29,Missouri,"35.995683,40.6136347,-95.7741439,-89.0988429"
30,Montana,"44.358221,49.0011094,-116.0500029,-104.0395629"
31,Nebraska,"39.9999986,43.0016999,-104.0535139,-95.3080543"
32,Nevada,"35.0018757,42.002207,-120.0057275,-114.0396479"
33,New Hampshire,"42.6970417,45.3057789,-72.5571232,-70.5613592"
34,New Jersey,"38.7911303,41.357423,-75.5633859,-73.8939789"
35,New Mexico,"31.332301,37.0002064,-109.0501729,-103.002248"
36,New York,"40.477399,40.917577,-74.2590899,-73.7001714"
37,North Carolina,"33.752878,36.5880363,-84.3218689,-75.4001189"
38,North Dakota,"45.9350359,49.0004918,-104.0492649,-96.5543974"
39,Ohio,"38.4031419,42.3232365,-84.8203367,-80.5189909"
40,Oklahoma,"33.6191955,37.002133,-103.0024614,-94.4312149"
41,Oregon,"41.991794,46.299099,-124.7035409,-116.4635039"
42,Pennsylvania,"39.7197662,42.5146891,-80.5210832,-74.6895019"
44,Rhode Island,"41.0959868,42.0188529,-71.9074126,-71.0999606"
45,South Carolina,"32.0333126,35.21554,-83.3539978,-78.4993009"
46,South Dakota,"42.4798925,45.94545,-104.0576979,-96.4363402"
47,Tennessee,"34.9829822,36.678118,-90.3102979,-81.6468999"
48,Texas,"25.83706,36.5004529,-106.6456459,-93.5078216"
49,Utah,"36.997968,42.0013862,-114.0539319,-109.0410727"
50,Vermont,"42.7269329,45.016665,-73.4377399,-71.4653565"
51,Virginia,"36.5407896,39.466012,-83.6754129,-75.2312244"
53,Washington,"38.7916303,38.9958524,-77.1197662,-76.9093659"
54,West Virginia,"37.201483,40.638801,-82.6447389,-77.7190289"
55,Wisconsin,"42.4919436,47.3025,-92.8881139,-86.2495479"
56,Wyoming,"40.994879,45.0034186,-111.0553309,-104.0521599"